[{"pk": 1, "model": "ukdata.tag", "fields": {"name": "atlas"}}, {"pk": 2, "model": "ukdata.tag", "fields": {"name": "tier1"}}, {"pk": 3, "model": "ukdata.tag", "fields": {"name": "tier2"}}, {"pk": 4, "model": "ukdata.tag", "fields": {"name": "londont2"}}, {"pk": 5, "model": "ukdata.tag", "fields": {"name": "northgrid"}}, {"pk": 6, "model": "ukdata.tag", "fields": {"name": "scotgrid"}}, {"pk": 7, "model": "ukdata.tag", "fields": {"name": "southgrid"}}, {"pk": 6, "model": "ukdata.site", "fields": {"used": 586.45115427082897, "pledge": 2092.0, "tags": [], "gocid": 0, "unused": 586.45115427082897, "last_modified": null, "total": 996.77239477862395, "name": "RAL-LCG2"}}, {"pk": 14, "model": "ukdata.site", "fields": {"used": 2.6898312796520001, "pledge": 0.0, "tags": [], "gocid": 0, "unused": 2.6898312796520001, "last_modified": null, "total": 2.7358941675519999, "name": "UKI-LT2-Brunel"}}, {"pk": 10, "model": "ukdata.site", "fields": {"used": 135.463051421177, "pledge": 78.0, "tags": [], "gocid": 0, "unused": 135.463051421177, "last_modified": null, "total": 138.59000470732801, "name": "UKI-LT2-QMUL"}}, {"pk": 12, "model": "ukdata.site", "fields": {"used": 141.59781261720801, "pledge": 70.0, "tags": [], "gocid": 0, "unused": 141.59781261720801, "last_modified": null, "total": 200.11111625523199, "name": "UKI-LT2-RHUL"}}, {"pk": 13, "model": "ukdata.site", "fields": {"used": 34.886869197296001, "pledge": 14.0, "tags": [], "gocid": 0, "unused": 34.886869197296001, "last_modified": null, "total": 45.079976738816001, "name": "UKI-LT2-UCL-CENTRAL"}}, {"pk": 8, "model": "ukdata.site", "fields": {"used": 3.9875856153679998, "pledge": 0.0, "tags": [], "gocid": 0, "unused": 3.9875856153679998, "last_modified": null, "total": 4.2949672960000003, "name": "UKI-LT2-UCL-HEP"}}, {"pk": 16, "model": "ukdata.site", "fields": {"used": 320.16248302525298, "pledge": 170.0, "tags": [], "gocid": 0, "unused": 320.16248302525298, "last_modified": null, "total": 395.82418599936, "name": "UKI-NORTHGRID-LANCS-HEP"}}, {"pk": 4, "model": "ukdata.site", "fields": {"used": 113.46169050313, "pledge": 59.0, "tags": [], "gocid": 0, "unused": 113.46169050313, "last_modified": null, "total": 169.24640752435201, "name": "UKI-NORTHGRID-LIV-HEP"}}, {"pk": 9, "model": "ukdata.site", "fields": {"used": 47.751672581725003, "pledge": 388.0, "tags": [], "gocid": 0, "unused": 47.751672581725003, "last_modified": null, "total": 87.883620810752006, "name": "UKI-NORTHGRID-MAN-HEP"}}, {"pk": 15, "model": "ukdata.site", "fields": {"used": 14.218489143027, "pledge": 9.0, "tags": [], "gocid": 0, "unused": 14.218489143027, "last_modified": null, "total": 25.262997635072001, "name": "UKI-NORTHGRID-SHEF-HEP"}}, {"pk": 2, "model": "ukdata.site", "fields": {"used": 9.1555781504800002, "pledge": 32.0, "tags": [], "gocid": 0, "unused": 9.1555781504800002, "last_modified": null, "total": 10.995116277759999, "name": "UKI-SCOTGRID-DURHAM"}}, {"pk": 5, "model": "ukdata.site", "fields": {"used": 10.628472242168, "pledge": 0.0, "tags": [], "gocid": 0, "unused": 10.628472242168, "last_modified": null, "total": 12.094627905536001, "name": "UKI-SCOTGRID-ECDF"}}, {"pk": 3, "model": "ukdata.site", "fields": {"used": 179.396942219919, "pledge": 416.0, "tags": [], "gocid": 0, "unused": 179.396942219919, "last_modified": null, "total": 289.17155810508802, "name": "UKI-SCOTGRID-GLASGOW"}}, {"pk": 11, "model": "ukdata.site", "fields": {"used": 19.500750111028001, "pledge": 11.0, "tags": [], "gocid": 0, "unused": 19.500750111028001, "last_modified": null, "total": 32.598801776640002, "name": "UKI-SOUTHGRID-BHAM-HEP"}}, {"pk": 17, "model": "ukdata.site", "fields": {"used": 14.652854186592, "pledge": 16.0, "tags": [], "gocid": 0, "unused": 14.652854186592, "last_modified": null, "total": 35.184372088831999, "name": "UKI-SOUTHGRID-CAM-HEP"}}, {"pk": 7, "model": "ukdata.site", "fields": {"used": 25.142444185538999, "pledge": 57.0, "tags": [], "gocid": 0, "unused": 25.142444185538999, "last_modified": null, "total": 71.468255805439995, "name": "UKI-SOUTHGRID-OX-HEP"}}, {"pk": 1, "model": "ukdata.site", "fields": {"used": 116.019282145023, "pledge": 165.0, "tags": [], "gocid": 0, "unused": 116.019282145023, "last_modified": null, "total": 143.49857989632, "name": "UKI-SOUTHGRID-RALPP"}}, {"pk": 1, "model": "ukdata.storage", "fields": {"srmtype": "", "name": "srm-atlas.gridpp.rl.ac.uk", "site": 6, "unused": 586.45115427082897, "used": 586.45115427082897, "last_modified": "2009-10-22 14:10:33", "total": 996.77239477862395}}, {"pk": 2, "model": "ukdata.storage", "fields": {"srmtype": "", "name": "bohr3223.tier2.hep.manchester.ac.uk", "site": 9, "unused": 29.191542851785002, "used": 29.191542851785002, "last_modified": "2009-10-22 14:10:33", "total": 46.690589474816001}}, {"pk": 3, "model": "ukdata.storage", "fields": {"srmtype": "", "name": "bohr3226.tier2.hep.manchester.ac.uk", "site": 9, "unused": 18.560129729940002, "used": 18.560129729940002, "last_modified": "2009-10-22 14:10:33", "total": 41.193031335935999}}, {"pk": 4, "model": "ukdata.storage", "fields": {"srmtype": "", "name": "epgse1.ph.bham.ac.uk", "site": 11, "unused": 19.500750111028001, "used": 19.500750111028001, "last_modified": "2009-10-22 14:10:33", "total": 32.598801776640002}}, {"pk": 5, "model": "ukdata.storage", "fields": {"srmtype": "", "name": "heplnx204.pp.rl.ac.uk", "site": 1, "unused": 116.019282145023, "used": 116.019282145023, "last_modified": "2009-10-22 14:10:33", "total": 143.49857989632}}, {"pk": 6, "model": "ukdata.storage", "fields": {"srmtype": "", "name": "lcg-dpm01.hep.ucl.ac.uk", "site": 8, "unused": 3.9875856153679998, "used": 3.9875856153679998, "last_modified": "2009-10-22 14:10:33", "total": 4.2949672960000003}}, {"pk": 7, "model": "ukdata.storage", "fields": {"srmtype": "", "name": "dgc-grid-50.brunel.ac.uk", "site": 14, "unused": 2.6898312796520001, "used": 2.6898312796520001, "last_modified": "2009-10-22 14:10:33", "total": 2.7358941675519999}}, {"pk": 8, "model": "ukdata.storage", "fields": {"srmtype": "", "name": "se03.esc.qmul.ac.uk", "site": 10, "unused": 133.07826149137799, "used": 133.07826149137799, "last_modified": "2009-10-22 14:10:33", "total": 135.29146982399999}}, {"pk": 9, "model": "ukdata.storage", "fields": {"srmtype": "", "name": "se2.ppgrid1.rhul.ac.uk", "site": 12, "unused": 141.59781261720801, "used": 141.59781261720801, "last_modified": "2009-10-22 14:10:33", "total": 200.11111625523199}}, {"pk": 10, "model": "ukdata.storage", "fields": {"srmtype": "", "name": "gw-3.ccc.ucl.ac.uk", "site": 13, "unused": 34.886869197296001, "used": 34.886869197296001, "last_modified": "2009-10-22 14:10:33", "total": 45.079976738816001}}, {"pk": 11, "model": "ukdata.storage", "fields": {"srmtype": "", "name": "svr018.gla.scotgrid.ac.uk", "site": 3, "unused": 179.396942219919, "used": 179.396942219919, "last_modified": "2009-10-22 14:10:33", "total": 289.17155810508802}}, {"pk": 12, "model": "ukdata.storage", "fields": {"srmtype": "", "name": "se01.dur.scotgrid.ac.uk", "site": 2, "unused": 9.1555781504800002, "used": 9.1555781504800002, "last_modified": "2009-10-22 14:10:33", "total": 10.995116277759999}}, {"pk": 13, "model": "ukdata.storage", "fields": {"srmtype": "", "name": "srm.glite.ecdf.ed.ac.uk", "site": 5, "unused": 10.628472242168, "used": 10.628472242168, "last_modified": "2009-10-22 14:10:33", "total": 12.094627905536001}}, {"pk": 14, "model": "ukdata.storage", "fields": {"srmtype": "", "name": "t2se01.physics.ox.ac.uk", "site": 7, "unused": 25.142444185538999, "used": 25.142444185538999, "last_modified": "2009-10-22 14:10:33", "total": 71.468255805439995}}, {"pk": 15, "model": "ukdata.storage", "fields": {"srmtype": "", "name": "serv02.hep.phy.cam.ac.uk", "site": 17, "unused": 14.652854186592, "used": 14.652854186592, "last_modified": "2009-10-22 14:10:33", "total": 35.184372088831999}}, {"pk": 16, "model": "ukdata.storage", "fields": {"srmtype": "", "name": "fal-pygrid-30.lancs.ac.uk", "site": 16, "unused": 320.16248302525298, "used": 320.16248302525298, "last_modified": "2009-10-22 14:10:33", "total": 395.82418599936}}, {"pk": 17, "model": "ukdata.storage", "fields": {"srmtype": "", "name": "hepgrid11.ph.liv.ac.uk", "site": 4, "unused": 113.46169050313, "used": 113.46169050313, "last_modified": "2009-10-22 14:10:33", "total": 169.24640752435201}}, {"pk": 18, "model": "ukdata.storage", "fields": {"srmtype": "", "name": "lcgse0.shef.ac.uk", "site": 15, "unused": 14.218489143027, "used": 14.218489143027, "last_modified": "2009-10-22 14:10:33", "total": 25.262997635072001}}, {"pk": 19, "model": "ukdata.storage", "fields": {"srmtype": "", "name": "se02.esc.qmul.ac.uk", "site": 10, "unused": 2.3847899297990001, "used": 2.3847899297990001, "last_modified": "2009-10-22 14:10:33", "total": 3.2985348833280002}}, {"pk": 1, "model": "ukdata.token", "fields": {"used": 237.42772583681699, "name": "ATLASMCDISK", "tags": [], "srm": 1, "unused": 213.46609568919899, "last_modified": "2009-10-22 13:53:31", "total": 450.89382152601598}}, {"pk": 2, "model": "ukdata.token", "fields": {"used": 137.52544943737499, "name": "ATLASDATADISK", "tags": [], "srm": 1, "unused": 264.38704830444902, "last_modified": "2009-10-22 13:53:41", "total": 401.91249774182398}}, {"pk": 3, "model": "ukdata.token", "fields": {"used": 21.469303954046001, "name": "ATLASMCTAPE", "tags": [], "srm": 1, "unused": 8.5236027324180004, "last_modified": "2009-10-22 13:53:49", "total": 29.992906686464}}, {"pk": 4, "model": "ukdata.token", "fields": {"used": 6.8262443452469999, "name": "ATLASDATATAPE", "tags": [], "srm": 1, "unused": 26.165891301984999, "last_modified": "2009-10-22 13:53:59", "total": 32.992135647231997}}, {"pk": 5, "model": "ukdata.token", "fields": {"used": 2.1494123935660001, "name": "ATLASSCRATCHDISK", "tags": [], "srm": 1, "unused": 15.846372756898001, "last_modified": "2009-10-22 13:54:08", "total": 17.995785150463998}}, {"pk": 6, "model": "ukdata.token", "fields": {"used": 3.5068303661859899, "name": "ATLASHOTDISK", "tags": [], "srm": 1, "unused": 41.482632509974003, "last_modified": "2009-10-22 13:54:25", "total": 44.989462876159998}}, {"pk": 7, "model": "ukdata.token", "fields": {"used": 1.4162741745580001, "name": "ATLASGROUPDISK", "tags": [], "srm": 1, "unused": 16.579510975906, "last_modified": "2009-10-22 13:54:35", "total": 17.995785150463998}}, {"pk": 8, "model": "ukdata.token", "fields": {"used": 3.267597958134, "name": "ATLASDATADISK", "tags": [], "srm": 2, "unused": 2.2299601807460001, "last_modified": "2009-10-22 13:54:44", "total": 5.4975581388799997}}, {"pk": 9, "model": "ukdata.token", "fields": {"used": 11.631599046845, "name": "ATLASMCDISK", "tags": [], "srm": 2, "unused": 15.856191647555001, "last_modified": "2009-10-22 13:54:53", "total": 27.487790694400001}}, {"pk": 10, "model": "ukdata.token", "fields": {"used": 0.11029227039, "name": "ATLASPRODDISK", "tags": [], "srm": 2, "unused": 5.3872658684900001, "last_modified": "2009-10-22 13:55:02", "total": 5.4975581388799997}}, {"pk": 11, "model": "ukdata.token", "fields": {"used": 0.57486561650099999, "name": "ATLASSCRATCHDISK", "tags": [], "srm": 2, "unused": 2.7236692668270002, "last_modified": "2009-10-22 13:55:11", "total": 3.2985348833280002}}, {"pk": 12, "model": "ukdata.token", "fields": {"used": 5.7821483999909203e-05, "name": "ATLASGROUPDISK", "tags": [], "srm": 2, "unused": 1.6105549145160001, "last_modified": "2009-10-22 13:55:20", "total": 1.610612736}}, {"pk": 13, "model": "ukdata.token", "fields": {"used": 3.8385765479899998, "name": "ATLASDATADISK", "tags": [], "srm": 3, "unused": 1.6589815908900001, "last_modified": "2009-10-22 13:55:29", "total": 5.4975581388799997}}, {"pk": 14, "model": "ukdata.token", "fields": {"used": 15.222076685052, "name": "ATLASMCDISK", "tags": [], "srm": 3, "unused": 6.768155870468, "last_modified": "2009-10-22 13:55:39", "total": 21.990232555519999}}, {"pk": 15, "model": "ukdata.token", "fields": {"used": 0.65165624028500002, "name": "ATLASPRODDISK", "tags": [], "srm": 3, "unused": 4.8459018985949998, "last_modified": "2009-10-22 13:55:48", "total": 5.4975581388799997}}, {"pk": 16, "model": "ukdata.token", "fields": {"used": 0.032420148066, "name": "ATLASSCRATCHDISK", "tags": [], "srm": 3, "unused": 3.2661147352620001, "last_modified": "2009-10-22 13:55:58", "total": 3.2985348833280002}}, {"pk": 17, "model": "ukdata.token", "fields": {"used": 1.2522799996972401e-07, "name": "ATLASGROUPDISK", "tags": [], "srm": 3, "unused": 1.610612610772, "last_modified": "2009-10-22 13:56:07", "total": 1.610612736}}, {"pk": 18, "model": "ukdata.token", "fields": {"used": 1.5427312287349999, "name": "ATLASDATADISK", "tags": [], "srm": 4, "unused": 6.1538501656970004, "last_modified": "2009-10-22 13:56:17", "total": 7.6965813944320001}}, {"pk": 19, "model": "ukdata.token", "fields": {"used": 9.3113155393259994, "name": "ATLASMCDISK", "tags": [], "srm": 4, "unused": 5.1841990846739998, "last_modified": "2009-10-22 13:56:27", "total": 14.495514624}}, {"pk": 20, "model": "ukdata.token", "fields": {"used": 0.0064384439559999097, "name": "ATLASPRODDISK", "tags": [], "srm": 4, "unused": 1.6041742920440001, "last_modified": "2009-10-22 13:56:36", "total": 1.610612736}}, {"pk": 21, "model": "ukdata.token", "fields": {"used": 0.10924714084999999, "name": "ATLASSCRATCHDISK", "tags": [], "srm": 4, "unused": 2.089776114702, "last_modified": "2009-10-22 13:56:46", "total": 2.199023255552}}, {"pk": 22, "model": "ukdata.token", "fields": {"used": 0.206791973115, "name": "ATLASHOTDISK", "tags": [], "srm": 4, "unused": 0.89271965466100001, "last_modified": "2009-10-22 13:56:56", "total": 1.099511627776}}, {"pk": 23, "model": "ukdata.token", "fields": {"used": 0.0, "name": "ATLASGROUPDISK", "tags": [], "srm": 4, "unused": 3.2985348833280002, "last_modified": "2009-10-22 13:57:06", "total": 3.2985348833280002}}, {"pk": 24, "model": "ukdata.token", "fields": {"used": 5.6763952967750004, "name": "ATLASDATADISK", "tags": [], "srm": 5, "unused": 29.323604703225001, "last_modified": "2009-10-22 13:57:15", "total": 35.0}}, {"pk": 25, "model": "ukdata.token", "fields": {"used": 20.991146110628002, "name": "ATLASMCDISK", "tags": [], "srm": 5, "unused": 33.008853889371998, "last_modified": "2009-10-22 13:57:23", "total": 54.0}}, {"pk": 26, "model": "ukdata.token", "fields": {"used": 0.0569183133570004, "name": "ATLASPRODDISK", "tags": [], "srm": 5, "unused": 4.4430816866429996, "last_modified": "2009-10-22 13:57:31", "total": 4.5}}, {"pk": 27, "model": "ukdata.token", "fields": {"used": 0.39615118717600101, "name": "ATLASSCRATCHDISK", "tags": [], "srm": 5, "unused": 10.603848812823999, "last_modified": "2009-10-22 13:57:39", "total": 11.0}}, {"pk": 28, "model": "ukdata.token", "fields": {"used": 0.20679197550299999, "name": "ATLASHOTDISK", "tags": [], "srm": 5, "unused": 0.791787920817, "last_modified": "2009-10-22 13:57:47", "total": 0.99857989631999999}}, {"pk": 29, "model": "ukdata.token", "fields": {"used": 1.7749997027749499e-09, "name": "ATLASGROUPDISK", "tags": [], "srm": 5, "unused": 10.999999998225, "last_modified": "2009-10-22 13:57:56", "total": 11.0}}, {"pk": 30, "model": "ukdata.token", "fields": {"used": 0.073583281192000097, "name": "ATLASDATADISK", "tags": [], "srm": 6, "unused": 1.000158542808, "last_modified": "2009-10-22 13:58:05", "total": 1.0737418240000001}}, {"pk": 31, "model": "ukdata.token", "fields": {"used": 0.027027360255000001, "name": "ATLASPRODDISK", "tags": [], "srm": 6, "unused": 2.1204562877450002, "last_modified": "2009-10-22 13:58:14", "total": 2.1474836480000001}}, {"pk": 32, "model": "ukdata.token", "fields": {"used": 0.20677103918500001, "name": "ATLASHOTDISK", "tags": [], "srm": 6, "unused": 0.86697078481500001, "last_modified": "2009-10-22 13:58:22", "total": 1.0737418240000001}}, {"pk": 33, "model": "ukdata.token", "fields": {"used": 0.035140996771999999, "name": "ATLASDATADISK", "tags": [], "srm": 7, "unused": 0.50172991522800003, "last_modified": "2009-10-22 13:58:31", "total": 0.53687091200000003}}, {"pk": 34, "model": "ukdata.token", "fields": {"used": 0.010921891128000001, "name": "ATLASPRODDISK", "tags": [], "srm": 7, "unused": 2.1881013644239999, "last_modified": "2009-10-22 13:58:40", "total": 2.199023255552}}, {"pk": 35, "model": "ukdata.token", "fields": {"used": 2.0581664626270002, "name": "ATLASDATADISK", "tags": [], "srm": 8, "unused": 35.522797377373003, "last_modified": "2009-10-22 13:58:48", "total": 37.580963840000003}}, {"pk": 36, "model": "ukdata.token", "fields": {"used": 0.076473893127996503, "name": "ATLASMCDISK", "tags": [], "srm": 8, "unused": 64.348035546871998, "last_modified": "2009-10-22 13:58:57", "total": 64.424509439999994}}, {"pk": 37, "model": "ukdata.token", "fields": {"used": 0.00445570601000078, "name": "ATLASPRODDISK", "tags": [], "srm": 8, "unused": 10.732962533989999, "last_modified": "2009-10-22 13:59:06", "total": 10.73741824}}, {"pk": 38, "model": "ukdata.token", "fields": {"used": 0.074112270857000298, "name": "ATLASSCRATCHDISK", "tags": [], "srm": 8, "unused": 10.663305969143, "last_modified": "2009-10-22 13:59:15", "total": 10.73741824}}, {"pk": 39, "model": "ukdata.token", "fields": {"used": 0.0, "name": "ATLASHOTDISK", "tags": [], "srm": 8, "unused": 1.0737418240000001, "last_modified": "2009-10-22 13:59:24", "total": 1.0737418240000001}}, {"pk": 40, "model": "ukdata.token", "fields": {"used": 0.0, "name": "ATLASGROUPDISK", "tags": [], "srm": 8, "unused": 10.73741824, "last_modified": "2009-10-22 13:59:32", "total": 10.73741824}}, {"pk": 41, "model": "ukdata.token", "fields": {"used": 19.441903583205001, "name": "ATLASDATADISK", "tags": [], "srm": 9, "unused": 75.116096405530996, "last_modified": "2009-10-22 13:59:45", "total": 94.557999988736}}, {"pk": 42, "model": "ukdata.token", "fields": {"used": 35.547031750469003, "name": "ATLASMCDISK", "tags": [], "srm": 9, "unused": 13.930991499451, "last_modified": "2009-10-22 13:59:54", "total": 49.47802324992}}, {"pk": 43, "model": "ukdata.token", "fields": {"used": 0.96046252831800005, "name": "ATLASPRODDISK", "tags": [], "srm": 9, "unused": 4.5370956105619999, "last_modified": "2009-10-22 14:00:05", "total": 5.4975581388799997}}, {"pk": 44, "model": "ukdata.token", "fields": {"used": 0.54348836102000098, "name": "ATLASSCRATCHDISK", "tags": [], "srm": 9, "unused": 6.0535814056359998, "last_modified": "2009-10-22 14:00:16", "total": 6.5970697666560003}}, {"pk": 45, "model": "ukdata.token", "fields": {"used": 0.20677103918500001, "name": "ATLASHOTDISK", "tags": [], "srm": 9, "unused": 0.89274058859100003, "last_modified": "2009-10-22 14:00:29", "total": 1.099511627776}}, {"pk": 46, "model": "ukdata.token", "fields": {"used": 0.0, "name": "ATLASGROUPDISK", "tags": [], "srm": 9, "unused": 10.995116277759999, "last_modified": "2009-10-22 14:00:39", "total": 10.995116277759999}}, {"pk": 47, "model": "ukdata.token", "fields": {"used": 2.6956880802210001, "name": "ATLASDATADISK", "tags": [], "srm": 10, "unused": 14.896497964194999, "last_modified": "2009-10-22 14:00:48", "total": 17.592186044416}}, {"pk": 48, "model": "ukdata.token", "fields": {"used": 7.2196742566259999, "name": "ATLASMCDISK", "tags": [], "srm": 10, "unused": 3.7754420211339998, "last_modified": "2009-10-22 14:00:57", "total": 10.995116277759999}}, {"pk": 49, "model": "ukdata.token", "fields": {"used": 0.00167705537899998, "name": "ATLASPRODDISK", "tags": [], "srm": 10, "unused": 2.197346200173, "last_modified": "2009-10-22 14:01:07", "total": 2.199023255552}}, {"pk": 50, "model": "ukdata.token", "fields": {"used": 0.0413971702709999, "name": "ATLASSCRATCHDISK", "tags": [], "srm": 10, "unused": 2.1576260852810001, "last_modified": "2009-10-22 14:01:16", "total": 2.199023255552}}, {"pk": 51, "model": "ukdata.token", "fields": {"used": 0.234639515514, "name": "ATLASHOTDISK", "tags": [], "srm": 10, "unused": 0.864872112262, "last_modified": "2009-10-22 14:01:26", "total": 1.099511627776}}, {"pk": 52, "model": "ukdata.token", "fields": {"used": 1.04669650000666e-05, "name": "ATLASGROUPDISK", "tags": [], "srm": 10, "unused": 2.1990127885869999, "last_modified": "2009-10-22 14:01:35", "total": 2.199023255552}}, {"pk": 53, "model": "ukdata.token", "fields": {"used": 38.582431546217002, "name": "ATLASDATADISK", "tags": [], "srm": 11, "unused": 65.871173092503, "last_modified": "2009-10-22 14:01:44", "total": 104.45360463871999}}, {"pk": 54, "model": "ukdata.token", "fields": {"used": 60.066179753032998, "name": "ATLASMCDISK", "tags": [], "srm": 11, "unused": 0.40695977464700001, "last_modified": "2009-10-22 14:01:52", "total": 60.473139527679997}}, {"pk": 55, "model": "ukdata.token", "fields": {"used": 0.929801439200999, "name": "ATLASPRODDISK", "tags": [], "srm": 11, "unused": 4.5677566996790002, "last_modified": "2009-10-22 14:02:00", "total": 5.4975581388799997}}, {"pk": 56, "model": "ukdata.token", "fields": {"used": 1.197535512907, "name": "ATLASSCRATCHDISK", "tags": [], "srm": 11, "unused": 4.3000226259729999, "last_modified": "2009-10-22 14:02:18", "total": 5.4975581388799997}}, {"pk": 57, "model": "ukdata.token", "fields": {"used": 0.24623482454199999, "name": "ATLASHOTDISK", "tags": [], "srm": 11, "unused": 1.9527884310100001, "last_modified": "2009-10-22 14:02:26", "total": 2.199023255552}}, {"pk": 58, "model": "ukdata.token", "fields": {"used": 0.0, "name": "ATLASGROUPDISK", "tags": [], "srm": 11, "unused": 6.5970697666560003, "last_modified": "2009-10-22 14:02:34", "total": 6.5970697666560003}}, {"pk": 59, "model": "ukdata.token", "fields": {"used": 0.039232057866999799, "name": "ATLASDATADISK", "tags": [], "srm": 12, "unused": 2.1597911976850002, "last_modified": "2009-10-22 14:02:44", "total": 2.199023255552}}, {"pk": 60, "model": "ukdata.token", "fields": {"used": 1.135527944888, "name": "ATLASPRODDISK", "tags": [], "srm": 12, "unused": 1.0634953106639999, "last_modified": "2009-10-22 14:02:53", "total": 2.199023255552}}, {"pk": 61, "model": "ukdata.token", "fields": {"used": 0.45799844576100002, "name": "ATLASMCDISK", "tags": [], "srm": 12, "unused": 5.0395596931190001, "last_modified": "2009-10-22 14:03:02", "total": 5.4975581388799997}}, {"pk": 62, "model": "ukdata.token", "fields": {"used": 0.206779678764, "name": "ATLASHOTDISK", "tags": [], "srm": 12, "unused": 0.89273194901200004, "last_modified": "2009-10-22 14:03:11", "total": 1.099511627776}}, {"pk": 63, "model": "ukdata.token", "fields": {"used": 0.343256680343, "name": "ATLASDATADISK", "tags": [], "srm": 13, "unused": 4.054789830761, "last_modified": "2009-10-22 14:03:20", "total": 4.3980465111039999}}, {"pk": 64, "model": "ukdata.token", "fields": {"used": 0.23771792123300001, "name": "ATLASPRODDISK", "tags": [], "srm": 13, "unused": 1.9613053343189999, "last_modified": "2009-10-22 14:03:28", "total": 2.199023255552}}, {"pk": 65, "model": "ukdata.token", "fields": {"used": 0.48159902780199998, "name": "ATLASMCDISK", "tags": [], "srm": 13, "unused": 3.916447483302, "last_modified": "2009-10-22 14:03:37", "total": 4.3980465111039999}}, {"pk": 66, "model": "ukdata.token", "fields": {"used": 0.40358203398999998, "name": "ATLASHOTDISK", "tags": [], "srm": 13, "unused": 0.69592959378599994, "last_modified": "2009-10-22 14:03:46", "total": 1.099511627776}}, {"pk": 67, "model": "ukdata.token", "fields": {"used": 14.456735617591001, "name": "ATLASDATADISK", "tags": [], "srm": 14, "unused": 4.2349620546009996, "last_modified": "2009-10-22 14:03:55", "total": 18.691697672191999}}, {"pk": 68, "model": "ukdata.token", "fields": {"used": 26.870484166922001, "name": "ATLASMCDISK", "tags": [], "srm": 14, "unused": 8.3138879219100001, "last_modified": "2009-10-22 14:04:04", "total": 35.184372088831999}}, {"pk": 69, "model": "ukdata.token", "fields": {"used": -0.0010936077419998499, "name": "ATLASPRODDISK", "tags": [], "srm": 14, "unused": 2.2001168632939998, "last_modified": "2009-10-22 14:04:13", "total": 2.199023255552}}, {"pk": 70, "model": "ukdata.token", "fields": {"used": 0.67392379406699998, "name": "ATLASSCRATCHDISK", "tags": [], "srm": 14, "unused": 4.8236343448129997, "last_modified": "2009-10-22 14:04:23", "total": 5.4975581388799997}}, {"pk": 71, "model": "ukdata.token", "fields": {"used": 0.20678150614999999, "name": "ATLASHOTDISK", "tags": [], "srm": 14, "unused": 0.89273012162599996, "last_modified": "2009-10-22 14:04:32", "total": 1.099511627776}}, {"pk": 72, "model": "ukdata.token", "fields": {"used": 1.77500014686416e-09, "name": "ATLASGROUPDISK", "tags": [], "srm": 14, "unused": 2.1990232537769998, "last_modified": "2009-10-22 14:04:41", "total": 2.199023255552}}, {"pk": 73, "model": "ukdata.token", "fields": {"used": 8.7025740018430007, "name": "ATLASDATADISK", "tags": [], "srm": 15, "unused": 2.292542275917, "last_modified": "2009-10-22 14:04:49", "total": 10.995116277759999}}, {"pk": 74, "model": "ukdata.token", "fields": {"used": 10.353741479651999, "name": "ATLASMCDISK", "tags": [], "srm": 15, "unused": 2.84039805366, "last_modified": "2009-10-22 14:04:59", "total": 13.194139533312001}}, {"pk": 75, "model": "ukdata.token", "fields": {"used": 0.0727683667579999, "name": "ATLASPRODDISK", "tags": [], "srm": 15, "unused": 1.0267432610180001, "last_modified": "2009-10-22 14:05:08", "total": 1.099511627776}}, {"pk": 76, "model": "ukdata.token", "fields": {"used": 0.23180754203000001, "name": "ATLASSCRATCHDISK", "tags": [], "srm": 15, "unused": 3.0667273412979998, "last_modified": "2009-10-22 14:05:17", "total": 3.2985348833280002}}, {"pk": 77, "model": "ukdata.token", "fields": {"used": 0.20678150614999999, "name": "ATLASHOTDISK", "tags": [], "srm": 15, "unused": 0.89273012162599996, "last_modified": "2009-10-22 14:05:27", "total": 1.099511627776}}, {"pk": 78, "model": "ukdata.token", "fields": {"used": 0.0, "name": "ATLASGROUPDISK", "tags": [], "srm": 15, "unused": 2.199023255552, "last_modified": "2009-10-22 14:05:37", "total": 2.199023255552}}, {"pk": 79, "model": "ukdata.token", "fields": {"used": 21.700546206116002, "name": "ATLASDATADISK", "tags": [], "srm": 16, "unused": 80.554035177052, "last_modified": "2009-10-22 14:05:46", "total": 102.254581383168}}, {"pk": 80, "model": "ukdata.token", "fields": {"used": 0.20680244008000001, "name": "ATLASHOTDISK", "tags": [], "srm": 16, "unused": 0.89270918769600005, "last_modified": "2009-10-22 14:05:56", "total": 1.099511627776}}, {"pk": 81, "model": "ukdata.token", "fields": {"used": 47.522522330054997, "name": "ATLASMCDISK", "tags": [], "srm": 16, "unused": 54.732059053112998, "last_modified": "2009-10-22 14:06:06", "total": 102.254581383168}}, {"pk": 82, "model": "ukdata.token", "fields": {"used": -0.0053347755980013298, "name": "ATLASPRODDISK", "tags": [], "srm": 16, "unused": 32.990683608878001, "last_modified": "2009-10-22 14:06:16", "total": 32.98534883328}}, {"pk": 83, "model": "ukdata.token", "fields": {"used": 0.52419773881000298, "name": "ATLASSCRATCHDISK", "tags": [], "srm": 16, "unused": 32.461151094469997, "last_modified": "2009-10-22 14:06:26", "total": 32.98534883328}}, {"pk": 84, "model": "ukdata.token", "fields": {"used": 0.74948980708600699, "name": "ATLASGROUPDISK", "tags": [], "srm": 16, "unused": 101.50509157608199, "last_modified": "2009-10-22 14:06:37", "total": 102.254581383168}}, {"pk": 85, "model": "ukdata.token", "fields": {"used": 15.323498470433, "name": "ATLASDATADISK", "tags": [], "srm": 17, "unused": 41.772723020767003, "last_modified": "2009-10-22 14:06:46", "total": 57.096221491199998}}, {"pk": 86, "model": "ukdata.token", "fields": {"used": 33.545933158787001, "name": "ATLASMCDISK", "tags": [], "srm": 17, "unused": 13.733066835581001, "last_modified": "2009-10-22 14:06:55", "total": 47.278999994368}}, {"pk": 87, "model": "ukdata.token", "fields": {"used": 0.027280050927999799, "name": "ATLASPRODDISK", "tags": [], "srm": 17, "unused": 2.1717432046240002, "last_modified": "2009-10-22 14:07:04", "total": 2.199023255552}}, {"pk": 88, "model": "ukdata.token", "fields": {"used": 0.44572536497899901, "name": "ATLASSCRATCHDISK", "tags": [], "srm": 17, "unused": 5.0518327739010003, "last_modified": "2009-10-22 14:07:14", "total": 5.4975581388799997}}, {"pk": 89, "model": "ukdata.token", "fields": {"used": 0.23268948358899999, "name": "ATLASHOTDISK", "tags": [], "srm": 17, "unused": 1.9663337719630001, "last_modified": "2009-10-22 14:07:23", "total": 2.199023255552}}, {"pk": 90, "model": "ukdata.token", "fields": {"used": 2.8372994620440302e-08, "name": "ATLASGROUPDISK", "tags": [], "srm": 17, "unused": 43.980465082667003, "last_modified": "2009-10-22 14:07:33", "total": 43.980465111039997}}, {"pk": 91, "model": "ukdata.token", "fields": {"used": 2.6954873083640001, "name": "ATLASDATADISK", "tags": [], "srm": 18, "unused": 1.7025592027400001, "last_modified": "2009-10-22 14:07:42", "total": 4.3980465111039999}}, {"pk": 92, "model": "ukdata.token", "fields": {"used": 7.5729202605220003, "name": "ATLASMCDISK", "tags": [], "srm": 18, "unused": 6.7207309005660001, "last_modified": "2009-10-22 14:07:51", "total": 14.293651161088}}, {"pk": 93, "model": "ukdata.token", "fields": {"used": 0.108714282577, "name": "ATLASPRODDISK", "tags": [], "srm": 18, "unused": 2.090308972975, "last_modified": "2009-10-22 14:07:59", "total": 2.199023255552}}, {"pk": 94, "model": "ukdata.token", "fields": {"used": 0.41775665652499999, "name": "ATLASSCRATCHDISK", "tags": [], "srm": 18, "unused": 0.68175497125100004, "last_modified": "2009-10-22 14:08:08", "total": 1.099511627776}}, {"pk": 95, "model": "ukdata.token", "fields": {"used": 0.20678150614999999, "name": "ATLASHOTDISK", "tags": [], "srm": 18, "unused": 1.9922417494019999, "last_modified": "2009-10-22 14:08:18", "total": 2.199023255552}}, {"pk": 96, "model": "ukdata.token", "fields": {"used": 0.0, "name": "ATLASGROUPDISK", "tags": [], "srm": 18, "unused": 0.53687091200000003, "last_modified": "2009-10-22 14:08:27", "total": 0.53687091200000003}}, {"pk": 97, "model": "ukdata.token", "fields": {"used": 0.042848477906999999, "name": "ATLASLOCALGROUPDISK", "tags": [], "srm": 18, "unused": 0.49402243409300001, "last_modified": "2009-10-22 14:08:36", "total": 0.53687091200000003}}, {"pk": 98, "model": "ukdata.token", "fields": {"used": 6.209590464133, "name": "ATLASLOCALGROUPDISK", "tags": [], "srm": 17, "unused": 4.7855258136270002, "last_modified": "2009-10-22 14:08:46", "total": 10.995116277759999}}, {"pk": 99, "model": "ukdata.token", "fields": {"used": 1.914633909677, "name": "ATLASLOCALGROUPDISK", "tags": [], "srm": 2, "unused": 1.383900973651, "last_modified": "2009-10-22 14:08:56", "total": 3.2985348833280002}}, {"pk": 100, "model": "ukdata.token", "fields": {"used": 2.8881718593749999, "name": "ATLASLOCALGROUPDISK", "tags": [], "srm": 3, "unused": 0.41036302395300001, "last_modified": "2009-10-22 14:09:05", "total": 3.2985348833280002}}, {"pk": 101, "model": "ukdata.token", "fields": {"used": 0.96384500580700005, "name": "ATLASLOCALGROUPDISK", "tags": [], "srm": 15, "unused": 2.3346898775209999, "last_modified": "2009-10-22 14:09:13", "total": 3.2985348833280002}}, {"pk": 102, "model": "ukdata.token", "fields": {"used": 8.7524328092689991, "name": "ATLASLOCALGROUPDISK", "tags": [], "srm": 11, "unused": 95.701171829450999, "last_modified": "2009-10-22 14:09:23", "total": 104.45360463871999}}, {"pk": 103, "model": "ukdata.token", "fields": {"used": 0.15189486608300101, "name": "ATLASLOCALGROUPDISK", "tags": [], "srm": 5, "unused": 26.848105133916999, "last_modified": "2009-10-22 14:09:33", "total": 27.0}}, {"pk": 104, "model": "ukdata.token", "fields": {"used": 1.9215273396300001, "name": "ATLASLOCALGROUPDISK", "tags": [], "srm": 4, "unused": 0.27749591592200001, "last_modified": "2009-10-22 14:09:42", "total": 2.199023255552}}, {"pk": 105, "model": "ukdata.token", "fields": {"used": 1.8136463758270001, "name": "ATLASLOCALGROUPDISK", "tags": [], "srm": 9, "unused": 30.072190829677002, "last_modified": "2009-10-22 14:09:55", "total": 31.885837205504}}, {"pk": 106, "model": "ukdata.token", "fields": {"used": 0.91374495352899998, "name": "ATLASLOCALGROUPDISK", "tags": [], "srm": 19, "unused": 2.3847899297990001, "last_modified": "2009-10-22 14:10:05", "total": 3.2985348833280002}}, {"pk": 107, "model": "ukdata.token", "fields": {"used": 2.0996544000340099e-05, "name": "ATLASLOCALGROUPDISK", "tags": [], "srm": 10, "unused": 8.7960720256639995, "last_modified": "2009-10-22 14:10:14", "total": 8.7960930222079998}}, {"pk": 108, "model": "ukdata.token", "fields": {"used": 4.1189801411379996, "name": "ATLASLOCALGROUPDISK", "tags": [], "srm": 14, "unused": 2.4780896255179998, "last_modified": "2009-10-22 14:10:23", "total": 6.5970697666560003}}, {"pk": 109, "model": "ukdata.token", "fields": {"used": 4.9634792275580004, "name": "ATLASLOCALGROUPDISK", "tags": [], "srm": 16, "unused": 17.026753327961998, "last_modified": "2009-10-22 14:10:33", "total": 21.990232555519999}}, {"pk": 2, "model": "ukdata.ddmsource", "fields": {"url": "token:ATLASDATADISK:srm://srm-atlas.gridpp.rl.ac.uk:8443/srm/managerv2?SFN=/castor/ads.rl.ac.uk/prod/atlas/stripInput/atlasdatadisk/", "token": 2, "name": "RAL-LCG2_DATADISK", "domain": ".*srm-atlas.gridpp.rl.ac.uk.*/atlasdatadisk/.*"}}, {"pk": 4, "model": "ukdata.ddmsource", "fields": {"url": "token:ATLASDATATAPE:srm://srm-atlas.gridpp.rl.ac.uk:8443/srm/managerv2?SFN=/castor/ads.rl.ac.uk/prod/atlas/raw/atlasdatatape/", "token": 4, "name": "RAL-LCG2_DATATAPE", "domain": ".*srm-atlas.gridpp.rl.ac.uk.*/atlasdatatape/.*"}}, {"pk": 6, "model": "ukdata.ddmsource", "fields": {"url": "token:ATLASHOTDISK:srm://srm-atlas.gridpp.rl.ac.uk:8443/srm/managerv2?SFN=/castor/ads.rl.ac.uk/prod/atlas/hotDisk/atlashotdisk/", "token": 6, "name": "RAL-LCG2_HOTDISK", "domain": ".*srm-atlas.gridpp.rl.ac.uk.*/atlashotdisk/.*"}}, {"pk": 1, "model": "ukdata.ddmsource", "fields": {"url": "token:ATLASMCDISK:srm://srm-atlas.gridpp.rl.ac.uk:8443/srm/managerv2?SFN=/castor/ads.rl.ac.uk/prod/atlas/simStrip/atlasmcdisk/", "token": 1, "name": "RAL-LCG2_MCDISK", "domain": ".*srm-atlas.gridpp.rl.ac.uk.*/atlasmcdisk/.*"}}, {"pk": 3, "model": "ukdata.ddmsource", "fields": {"url": "token:ATLASMCTAPE:srm://srm-atlas.gridpp.rl.ac.uk:8443/srm/managerv2?SFN=/castor/ads.rl.ac.uk/prod/atlas/simRaw/atlasmctape/", "token": 3, "name": "RAL-LCG2_MCTAPE", "domain": ".*srm-atlas.gridpp.rl.ac.uk.*/atlasmctape/.*"}}, {"pk": 7, "model": "ukdata.ddmsource", "fields": {"url": "token:ATLASGROUPDISK:srm://srm-atlas.gridpp.rl.ac.uk:8443/srm/managerv2?SFN=/castor/ads.rl.ac.uk/prod/atlas/StripDeg/atlasgroupdisk/perf-egamma/", "token": 7, "name": "RAL-LCG2_PERF-EGAMMA", "domain": ".*srm-atlas.gridpp.rl.ac.uk.*/atlasgroupdisk/perf-egamma/.*"}}, {"pk": 5, "model": "ukdata.ddmsource", "fields": {"url": "token:ATLASSCRATCHDISK:srm://srm-atlas.gridpp.rl.ac.uk:8443/srm/managerv2?SFN=/castor/ads.rl.ac.uk/prod/atlas/scratch/atlasscratchdisk/", "token": 5, "name": "RAL-LCG2_SCRATCHDISK", "domain": ".*srm-atlas.gridpp.rl.ac.uk.*/atlasscratchdisk/.*"}}, {"pk": 33, "model": "ukdata.ddmsource", "fields": {"url": "token:ATLASDATADISK:srm://dgc-grid-50.brunel.ac.uk:8446/srm/managerv2?SFN=/dpm/brunel.ac.uk/home2/atlas/atlasdatadisk/", "token": 33, "name": "UKI-LT2-BRUNEL_DATADISK", "domain": ".*brunel.ac.uk.*/atlasdatadisk/.*"}}, {"pk": 34, "model": "ukdata.ddmsource", "fields": {"url": "token:ATLASPRODDISK:srm://dgc-grid-50.brunel.ac.uk:8446/srm/managerv2?SFN=/dpm/brunel.ac.uk/home2/atlas/atlasproddisk/", "token": 34, "name": "UKI-LT2-BRUNEL_PRODDISK", "domain": ".*brunel.ac.uk.*/atlasproddisk/.*"}}, {"pk": 35, "model": "ukdata.ddmsource", "fields": {"url": "token:ATLASDATADISK:srm://se03.esc.qmul.ac.uk:8444/srm/managerv2?SFN=/atlas/atlasdatadisk/", "token": 35, "name": "UKI-LT2-QMUL_DATADISK", "domain": ".*se03.esc.qmul.ac.uk.*/atlasdatadisk/.*"}}, {"pk": 39, "model": "ukdata.ddmsource", "fields": {"url": "token:ATLASHOTDISK:srm://se03.esc.qmul.ac.uk:8444/srm/managerv2?SFN=/atlas/atlashotdisk/", "token": 39, "name": "UKI-LT2-QMUL_HOTDISK", "domain": ".*se03.esc.qmul.ac.uk.*/atlashotdisk/.*"}}, {"pk": 106, "model": "ukdata.ddmsource", "fields": {"url": "token:ATLASLOCALGROUPDISK:srm://se02.esc.qmul.ac.uk:8446/srm/managerv2?SFN=/dpm/esc.qmul.ac.uk/home/atlas/atlaslocalgroupdisk/", "token": 106, "name": "UKI-LT2-QMUL_LOCALGROUPDISK", "domain": ".*esc.qmul.ac.uk.*/atlaslocalgroupdisk/.*"}}, {"pk": 36, "model": "ukdata.ddmsource", "fields": {"url": "token:ATLASMCDISK:srm://se03.esc.qmul.ac.uk:8444/srm/managerv2?SFN=/atlas/atlasmcdisk/", "token": 36, "name": "UKI-LT2-QMUL_MCDISK", "domain": ".*se03.esc.qmul.ac.uk.*/atlasmcdisk/.*"}}, {"pk": 37, "model": "ukdata.ddmsource", "fields": {"url": "token:ATLASPRODDISK:srm://se03.esc.qmul.ac.uk:8444/srm/managerv2?SFN=/atlas/atlasproddisk/", "token": 37, "name": "UKI-LT2-QMUL_PRODDISK", "domain": ".*se03.esc.qmul.ac.uk.*/atlasproddisk/.*"}}, {"pk": 38, "model": "ukdata.ddmsource", "fields": {"url": "token:ATLASSCRATCHDISK:srm://se03.esc.qmul.ac.uk:8444/srm/managerv2?SFN=/atlas/atlasscratchdisk/", "token": 38, "name": "UKI-LT2-QMUL_SCRATCHDISK", "domain": ".*se03.esc.qmul.ac.uk.*/atlasscratchdisk/.*"}}, {"pk": 40, "model": "ukdata.ddmsource", "fields": {"url": "token:ATLASGROUPDISK:srm://se03.esc.qmul.ac.uk:8444/srm/managerv2?SFN=/atlas/atlasgroupdisk/soft-test/", "token": 40, "name": "UKI-LT2-QMUL_SOFT-TEST", "domain": ".*se03.esc.qmul.ac.uk.*/atlasgroupdisk/soft-test/.*"}}, {"pk": 41, "model": "ukdata.ddmsource", "fields": {"url": "token:ATLASDATADISK:srm://se2.ppgrid1.rhul.ac.uk:8446/srm/managerv2?SFN=/dpm/ppgrid1.rhul.ac.uk/home/atlas/atlasdatadisk/", "token": 41, "name": "UKI-LT2-RHUL_DATADISK", "domain": ".*rhul.ac.uk.*/atlasdatadisk/.*"}}, {"pk": 45, "model": "ukdata.ddmsource", "fields": {"url": "token:ATLASHOTDISK:srm://se2.ppgrid1.rhul.ac.uk:8446/srm/managerv2?SFN=/dpm/ppgrid1.rhul.ac.uk/home/atlas/atlashotdisk/", "token": 45, "name": "UKI-LT2-RHUL_HOTDISK", "domain": ".*rhul.ac.uk.*/atlashotdisk/.*"}}, {"pk": 105, "model": "ukdata.ddmsource", "fields": {"url": "token:ATLASLOCALGROUPDISK:srm://se2.ppgrid1.rhul.ac.uk:8446/srm/managerv2?SFN=/dpm/ppgrid1.rhul.ac.uk/home/atlas/atlaslocalgroupdisk/", "token": 105, "name": "UKI-LT2-RHUL_LOCALGROUPDISK", "domain": ".*rhul.ac.uk.*/atlaslocalgroupdisk/.*"}}, {"pk": 42, "model": "ukdata.ddmsource", "fields": {"url": "token:ATLASMCDISK:srm://se2.ppgrid1.rhul.ac.uk:8446/srm/managerv2?SFN=/dpm/ppgrid1.rhul.ac.uk/home/atlas/atlasmcdisk/", "token": 42, "name": "UKI-LT2-RHUL_MCDISK", "domain": ".*rhul.ac.uk.*/atlasmcdisk/.*"}}, {"pk": 43, "model": "ukdata.ddmsource", "fields": {"url": "token:ATLASPRODDISK:srm://se2.ppgrid1.rhul.ac.uk:8446/srm/managerv2?SFN=/dpm/ppgrid1.rhul.ac.uk/home/atlas/atlasproddisk/", "token": 43, "name": "UKI-LT2-RHUL_PRODDISK", "domain": ".*rhul.ac.uk.*/atlasproddisk/.*"}}, {"pk": 44, "model": "ukdata.ddmsource", "fields": {"url": "token:ATLASSCRATCHDISK:srm://se2.ppgrid1.rhul.ac.uk:8446/srm/managerv2?SFN=/dpm/ppgrid1.rhul.ac.uk/home/atlas/atlasscratchdisk/", "token": 44, "name": "UKI-LT2-RHUL_SCRATCHDISK", "domain": ".*rhul.ac.uk.*/atlasscratchdisk/.*"}}, {"pk": 46, "model": "ukdata.ddmsource", "fields": {"url": "token:ATLASGROUPDISK:srm://se2.ppgrid1.rhul.ac.uk:8446/srm/managerv2?SFN=/dpm/ppgrid1.rhul.ac.uk/home/atlas/atlasgroupdisk/soft-test/", "token": 46, "name": "UKI-LT2-RHUL_SOFT-TEST", "domain": ".*rhul.ac.uk.*/atlasgroupdisk/soft-test/.*"}}, {"pk": 47, "model": "ukdata.ddmsource", "fields": {"url": "token:ATLASDATADISK:srm://gw-3.ccc.ucl.ac.uk:8446/srm/managerv2?SFN=/dpm/ccc.ucl.ac.uk/home/atlas/atlasdatadisk/", "token": 47, "name": "UKI-LT2-UCL-CENTRAL_DATADISK", "domain": ".*.ccc.ucl.ac.uk.*/atlasdatadisk/.*"}}, {"pk": 51, "model": "ukdata.ddmsource", "fields": {"url": "token:ATLASHOTDISK:srm://gw-3.ccc.ucl.ac.uk:8446/srm/managerv2?SFN=/dpm/ccc.ucl.ac.uk/home/atlas/atlashotdisk/", "token": 51, "name": "UKI-LT2-UCL-CENTRAL_HOTDISK", "domain": ".*.ccc.ucl.ac.uk.*/atlashotdisk/.*"}}, {"pk": 107, "model": "ukdata.ddmsource", "fields": {"url": "token:ATLASLOCALGROUPDISK:srm://gw-3.ccc.ucl.ac.uk:8446/srm/managerv2?SFN=/dpm/ccc.ucl.ac.uk/home/atlas/atlaslocalgroupdisk/", "token": 107, "name": "UKI-LT2-UCL-CENTRAL_LOCALGROUPDISK", "domain": ".*.ccc.ucl.ac.uk.*/atlaslocalgroupdisk/.*"}}, {"pk": 48, "model": "ukdata.ddmsource", "fields": {"url": "token:ATLASMCDISK:srm://gw-3.ccc.ucl.ac.uk:8446/srm/managerv2?SFN=/dpm/ccc.ucl.ac.uk/home/atlas/atlasmcdisk/", "token": 48, "name": "UKI-LT2-UCL-CENTRAL_MCDISK", "domain": ".*.ccc.ucl.ac.uk.*/atlasmcdisk/.*"}}, {"pk": 49, "model": "ukdata.ddmsource", "fields": {"url": "token:ATLASPRODDISK:srm://gw-3.ccc.ucl.ac.uk:8446/srm/managerv2?SFN=/dpm/ccc.ucl.ac.uk/home/atlas/atlasproddisk/", "token": 49, "name": "UKI-LT2-UCL-CENTRAL_PRODDISK", "domain": ".*.ccc.ucl.ac.uk.*/atlasproddisk/.*"}}, {"pk": 50, "model": "ukdata.ddmsource", "fields": {"url": "token:ATLASSCRATCHDISK:srm://gw-3.ccc.ucl.ac.uk:8446/srm/managerv2?SFN=/dpm/ccc.ucl.ac.uk/home/atlas/atlasscratchdisk/", "token": 50, "name": "UKI-LT2-UCL-CENTRAL_SCRATCHDISK", "domain": ".*.ccc.ucl.ac.uk.*/atlasscratchdisk/.*"}}, {"pk": 52, "model": "ukdata.ddmsource", "fields": {"url": "token:ATLASGROUPDISK:srm://gw-3.ccc.ucl.ac.uk:8446/srm/managerv2?SFN=/dpm/ccc.ucl.ac.uk/home/atlas/atlasgroupdisk/soft-test/", "token": 52, "name": "UKI-LT2-UCL-CENTRAL_SOFT-TEST", "domain": ".*.ccc.ucl.ac.uk.*/atlasgroupdisk/soft-test/.*"}}, {"pk": 30, "model": "ukdata.ddmsource", "fields": {"url": "token:ATLASDATADISK:srm://lcg-dpm01.hep.ucl.ac.uk:8446/srm/managerv2?SFN=/dpm/hep.ucl.ac.uk/home/atlas/atlasdatadisk/", "token": 30, "name": "UKI-LT2-UCL-HEP_DATADISK", "domain": ".*.hep.ucl.ac.uk.*/atlasdatadisk/.*"}}, {"pk": 32, "model": "ukdata.ddmsource", "fields": {"url": "token:ATLASHOTDISK:srm://lcg-dpm01.hep.ucl.ac.uk:8446/srm/managerv2?SFN=/dpm/hep.ucl.ac.uk/home/atlas/atlashotdisk/", "token": 32, "name": "UKI-LT2-UCL-HEP_HOTDISK", "domain": ".*.hep.ucl.ac.uk.*/atlashotdisk/.*"}}, {"pk": 31, "model": "ukdata.ddmsource", "fields": {"url": "token:ATLASPRODDISK:srm://lcg-dpm01.hep.ucl.ac.uk:8446/srm/managerv2?SFN=/dpm/hep.ucl.ac.uk/home/atlas/atlasproddisk/", "token": 31, "name": "UKI-LT2-UCL-HEP_PRODDISK", "domain": ".*.hep.ucl.ac.uk.*/atlasproddisk/.*"}}, {"pk": 79, "model": "ukdata.ddmsource", "fields": {"url": "token:ATLASDATADISK:srm://fal-pygrid-30.lancs.ac.uk:8446/srm/managerv2?SFN=/dpm/lancs.ac.uk/home/atlas/atlasdatadisk/", "token": 79, "name": "UKI-NORTHGRID-LANCS-HEP_DATADISK", "domain": ".*lancs.ac.uk.*/atlasdatadisk/.*"}}, {"pk": 80, "model": "ukdata.ddmsource", "fields": {"url": "token:ATLASHOTDISK:srm://fal-pygrid-30.lancs.ac.uk:8446/srm/managerv2?SFN=/dpm/lancs.ac.uk/home/atlas/atlashotdisk/", "token": 80, "name": "UKI-NORTHGRID-LANCS-HEP_HOTDISK", "domain": ".*lancs.ac.uk.*/atlashotdisk/.*"}}, {"pk": 109, "model": "ukdata.ddmsource", "fields": {"url": "token:ATLASLOCALGROUPDISK:srm://fal-pygrid-30.lancs.ac.uk:8446/srm/managerv2?SFN=/dpm/lancs.ac.uk/home/atlas/atlaslocalgroupdisk/", "token": 109, "name": "UKI-NORTHGRID-LANCS-HEP_LOCALGROUPDISK", "domain": ".*lancs.ac.uk.*/atlaslocalgroupdisk/.*"}}, {"pk": 81, "model": "ukdata.ddmsource", "fields": {"url": "token:ATLASMCDISK:srm://fal-pygrid-30.lancs.ac.uk:8446/srm/managerv2?SFN=/dpm/lancs.ac.uk/home/atlas/atlasmcdisk/", "token": 81, "name": "UKI-NORTHGRID-LANCS-HEP_MCDISK", "domain": ".*lancs.ac.uk.*/atlasmcdisk/.*"}}, {"pk": 84, "model": "ukdata.ddmsource", "fields": {"url": "token:ATLASGROUPDISK:srm://fal-pygrid-30.lancs.ac.uk:8446/srm/managerv2?SFN=/dpm/lancs.ac.uk/home/atlas/atlasgroupdisk/phys-beauty/", "token": 84, "name": "UKI-NORTHGRID-LANCS-HEP_PHYS-BEAUTY", "domain": ".*lancs.ac.uk.*/atlasgroupdisk/phys-beauty/.*"}}, {"pk": 82, "model": "ukdata.ddmsource", "fields": {"url": "token:ATLASPRODDISK:srm://fal-pygrid-30.lancs.ac.uk:8446/srm/managerv2?SFN=/dpm/lancs.ac.uk/home/atlas/atlasproddisk/", "token": 82, "name": "UKI-NORTHGRID-LANCS-HEP_PRODDISK", "domain": ".*lancs.ac.uk.*/atlasproddisk/.*"}}, {"pk": 83, "model": "ukdata.ddmsource", "fields": {"url": "token:ATLASSCRATCHDISK:srm://fal-pygrid-30.lancs.ac.uk:8446/srm/managerv2?SFN=/dpm/lancs.ac.uk/home/atlas/atlasscratchdisk/", "token": 83, "name": "UKI-NORTHGRID-LANCS-HEP_SCRATCHDISK", "domain": ".*lancs.ac.uk.*/atlasscratchdisk/.*"}}, {"pk": 85, "model": "ukdata.ddmsource", "fields": {"url": "token:ATLASDATADISK:srm://hepgrid11.ph.liv.ac.uk:8446/srm/managerv2?SFN=/dpm/ph.liv.ac.uk/home/atlas/atlasdatadisk/", "token": 85, "name": "UKI-NORTHGRID-LIV-HEP_DATADISK", "domain": ".*ph.liv.ac.uk.*/atlasdatadisk/.*"}}, {"pk": 89, "model": "ukdata.ddmsource", "fields": {"url": "token:ATLASHOTDISK:srm://hepgrid11.ph.liv.ac.uk:8446/srm/managerv2?SFN=/dpm/ph.liv.ac.uk/home/atlas/atlashotdisk/", "token": 89, "name": "UKI-NORTHGRID-LIV-HEP_HOTDISK", "domain": ".*ph.liv.ac.uk.*/atlashotdisk/.*"}}, {"pk": 98, "model": "ukdata.ddmsource", "fields": {"url": "token:ATLASLOCALGROUPDISK:srm://hepgrid11.ph.liv.ac.uk:8446/srm/managerv2?SFN=/dpm/ph.liv.ac.uk/home/atlas/atlaslocalgroupdisk/", "token": 98, "name": "UKI-NORTHGRID-LIV-HEP_LOCALGROUPDISK", "domain": ".*ph.liv.ac.uk.*/atlaslocalgroupdisk/.*"}}, {"pk": 86, "model": "ukdata.ddmsource", "fields": {"url": "token:ATLASMCDISK:srm://hepgrid11.ph.liv.ac.uk:8446/srm/managerv2?SFN=/dpm/ph.liv.ac.uk/home/atlas/atlasmcdisk/", "token": 86, "name": "UKI-NORTHGRID-LIV-HEP_MCDISK", "domain": ".*ph.liv.ac.uk.*/atlasmcdisk/.*"}}, {"pk": 87, "model": "ukdata.ddmsource", "fields": {"url": "token:ATLASPRODDISK:srm://hepgrid11.ph.liv.ac.uk:8446/srm/managerv2?SFN=/dpm/ph.liv.ac.uk/home/atlas/atlasproddisk/", "token": 87, "name": "UKI-NORTHGRID-LIV-HEP_PRODDISK", "domain": ".*ph.liv.ac.uk.*/atlasproddisk/.*"}}, {"pk": 88, "model": "ukdata.ddmsource", "fields": {"url": "token:ATLASSCRATCHDISK:srm://hepgrid11.ph.liv.ac.uk:8446/srm/managerv2?SFN=/dpm/ph.liv.ac.uk/home/atlas/atlasscratchdisk/", "token": 88, "name": "UKI-NORTHGRID-LIV-HEP_SCRATCHDISK", "domain": ".*ph.liv.ac.uk.*/atlasscratchdisk/.*"}}, {"pk": 90, "model": "ukdata.ddmsource", "fields": {"url": "token:ATLASGROUPDISK:srm://hepgrid11.ph.liv.ac.uk:8446/srm/managerv2?SFN=/dpm/ph.liv.ac.uk/home/atlas/atlasgroupdisk/soft-test/", "token": 90, "name": "UKI-NORTHGRID-LIV-HEP_SOFT-TEST", "domain": ".*ph.liv.ac.uk.*/atlasgroupdisk/soft-test/.*"}}, {"pk": 8, "model": "ukdata.ddmsource", "fields": {"url": "token:ATLASDATADISK:srm://bohr3223.tier2.hep.manchester.ac.uk:8446/srm/managerv2?SFN=/dpm/tier2.hep.manchester.ac.uk/home/atlas/atlasdatadisk/", "token": 8, "name": "UKI-NORTHGRID-MAN-HEP1_DATADISK", "domain": ".*bohr3223.tier2.hep.manchester.ac.uk.*/atlasdatadisk/.*"}}, {"pk": 99, "model": "ukdata.ddmsource", "fields": {"url": "token:ATLASLOCALGROUPDISK:srm://bohr3223.tier2.hep.manchester.ac.uk:8446/srm/managerv2?SFN=/dpm/tier2.hep.manchester.ac.uk/home/atlas/atlaslocalgroupdisk/", "token": 99, "name": "UKI-NORTHGRID-MAN-HEP1_LOCALGROUPDISK", "domain": ".*bohr3223.tier2.hep.manchester.ac.uk.*/atlaslocalgroupdisk/.*"}}, {"pk": 9, "model": "ukdata.ddmsource", "fields": {"url": "token:ATLASMCDISK:srm://bohr3223.tier2.hep.manchester.ac.uk:8446/srm/managerv2?SFN=/dpm/tier2.hep.manchester.ac.uk/home/atlas/atlasmcdisk/", "token": 9, "name": "UKI-NORTHGRID-MAN-HEP1_MCDISK", "domain": ".*bohr3223.tier2.hep.manchester.ac.uk.*/atlasmcdisk/.*"}}, {"pk": 10, "model": "ukdata.ddmsource", "fields": {"url": "token:ATLASPRODDISK:srm://bohr3223.tier2.hep.manchester.ac.uk:8446/srm/managerv2?SFN=/dpm/tier2.hep.manchester.ac.uk/home/atlas/atlasproddisk/", "token": 10, "name": "UKI-NORTHGRID-MAN-HEP1_PRODDISK", "domain": ".*bohr3223.tier2.hep.manchester.ac.uk.*/atlasproddisk/.*"}}, {"pk": 11, "model": "ukdata.ddmsource", "fields": {"url": "token:ATLASSCRATCHDISK:srm://bohr3223.tier2.hep.manchester.ac.uk:8446/srm/managerv2?SFN=/dpm/tier2.hep.manchester.ac.uk/home/atlas/atlasscratchdisk/", "token": 11, "name": "UKI-NORTHGRID-MAN-HEP1_SCRATCHDISK", "domain": ".*bohr3223.tier2.hep.manchester.ac.uk.*/atlasscratchdisk/.*"}}, {"pk": 12, "model": "ukdata.ddmsource", "fields": {"url": "token:ATLASGROUPDISK:srm://bohr3223.tier2.hep.manchester.ac.uk:8446/srm/managerv2?SFN=/dpm/tier2.hep.manchester.ac.uk/home/atlas/atlasgroupdisk/soft-test/", "token": 12, "name": "UKI-NORTHGRID-MAN-HEP1_SOFT-TEST", "domain": ".*bohr3223.tier2.hep.manchester.ac.uk.*/atlasgroupdisk/soft-test/.*"}}, {"pk": 13, "model": "ukdata.ddmsource", "fields": {"url": "token:ATLASDATADISK:srm://bohr3226.tier2.hep.manchester.ac.uk:8446/srm/managerv2?SFN=/dpm/tier2.hep.manchester.ac.uk/home/atlas/atlasdatadisk/", "token": 13, "name": "UKI-NORTHGRID-MAN-HEP2_DATADISK", "domain": ".*bohr3226.tier2.hep.manchester.ac.uk.*/atlasdatadisk/.*"}}, {"pk": 100, "model": "ukdata.ddmsource", "fields": {"url": "token:ATLASLOCALGROUPDISK:srm://bohr3226.tier2.hep.manchester.ac.uk:8446/srm/managerv2?SFN=/dpm/tier2.hep.manchester.ac.uk/home/atlas/atlaslocalgroupdisk/", "token": 100, "name": "UKI-NORTHGRID-MAN-HEP2_LOCALGROUPDISK", "domain": ".*bohr3226.tier2.hep.manchester.ac.uk.*/atlaslocalgroupdisk/.*"}}, {"pk": 14, "model": "ukdata.ddmsource", "fields": {"url": "token:ATLASMCDISK:srm://bohr3226.tier2.hep.manchester.ac.uk:8446/srm/managerv2?SFN=/dpm/tier2.hep.manchester.ac.uk/home/atlas/atlasmcdisk/", "token": 14, "name": "UKI-NORTHGRID-MAN-HEP2_MCDISK", "domain": ".*bohr3226.tier2.hep.manchester.ac.uk.*/atlasmcdisk/.*"}}, {"pk": 15, "model": "ukdata.ddmsource", "fields": {"url": "token:ATLASPRODDISK:srm://bohr3226.tier2.hep.manchester.ac.uk:8446/srm/managerv2?SFN=/dpm/tier2.hep.manchester.ac.uk/home/atlas/atlasproddisk/", "token": 15, "name": "UKI-NORTHGRID-MAN-HEP2_PRODDISK", "domain": ".*bohr3226.tier2.hep.manchester.ac.uk.*/atlasproddisk/.*"}}, {"pk": 16, "model": "ukdata.ddmsource", "fields": {"url": "token:ATLASSCRATCHDISK:srm://bohr3226.tier2.hep.manchester.ac.uk:8446/srm/managerv2?SFN=/dpm/tier2.hep.manchester.ac.uk/home/atlas/atlasscratchdisk/", "token": 16, "name": "UKI-NORTHGRID-MAN-HEP2_SCRATCHDISK", "domain": ".*bohr3226.tier2.hep.manchester.ac.uk.*/atlasscratchdisk/.*"}}, {"pk": 17, "model": "ukdata.ddmsource", "fields": {"url": "token:ATLASGROUPDISK:srm://bohr3226.tier2.hep.manchester.ac.uk:8446/srm/managerv2?SFN=/dpm/tier2.hep.manchester.ac.uk/home/atlas/atlasgroupdisk/soft-test/", "token": 17, "name": "UKI-NORTHGRID-MAN-HEP2_SOFT-TEST", "domain": ".*bohr3226.tier2.hep.manchester.ac.uk.*/atlasgroupdisk/soft-test/.*"}}, {"pk": 91, "model": "ukdata.ddmsource", "fields": {"url": "token:ATLASDATADISK:srm://lcgse0.shef.ac.uk:8446/srm/managerv2?SFN=/dpm/shef.ac.uk/home/atlas/atlasdatadisk/", "token": 91, "name": "UKI-NORTHGRID-SHEF-HEP_DATADISK", "domain": ".*shef.ac.uk.*/atlasdatadisk/.*"}}, {"pk": 95, "model": "ukdata.ddmsource", "fields": {"url": "token:ATLASHOTDISK:srm://lcgse0.shef.ac.uk:8446/srm/managerv2?SFN=/dpm/shef.ac.uk/home/atlas/atlashotdisk/", "token": 95, "name": "UKI-NORTHGRID-SHEF-HEP_HOTDISK", "domain": ".*shef.ac.uk.*/atlashotdisk/.*"}}, {"pk": 97, "model": "ukdata.ddmsource", "fields": {"url": "token:ATLASLOCALGROUPDISK:srm://lcgse0.shef.ac.uk:8446/srm/managerv2?SFN=/dpm/shef.ac.uk/home/atlas/atlaslocalgroupdisk/", "token": 97, "name": "UKI-NORTHGRID-SHEF-HEP_LOCALGROUPDISK", "domain": ".*shef.ac.uk.*/atlaslocalgroupdisk/.*"}}, {"pk": 92, "model": "ukdata.ddmsource", "fields": {"url": "token:ATLASMCDISK:srm://lcgse0.shef.ac.uk:8446/srm/managerv2?SFN=/dpm/shef.ac.uk/home/atlas/atlasmcdisk/", "token": 92, "name": "UKI-NORTHGRID-SHEF-HEP_MCDISK", "domain": ".*shef.ac.uk.*/atlasmcdisk/.*"}}, {"pk": 93, "model": "ukdata.ddmsource", "fields": {"url": "token:ATLASPRODDISK:srm://lcgse0.shef.ac.uk:8446/srm/managerv2?SFN=/dpm/shef.ac.uk/home/atlas/atlasproddisk/", "token": 93, "name": "UKI-NORTHGRID-SHEF-HEP_PRODDISK", "domain": ".*shef.ac.uk.*/atlasproddisk/.*"}}, {"pk": 94, "model": "ukdata.ddmsource", "fields": {"url": "token:ATLASSCRATCHDISK:srm://lcgse0.shef.ac.uk:8446/srm/managerv2?SFN=/dpm/shef.ac.uk/home/atlas/atlasscratchdisk/", "token": 94, "name": "UKI-NORTHGRID-SHEF-HEP_SCRATCHDISK", "domain": ".*shef.ac.uk.*/atlasscratchdisk/.*"}}, {"pk": 96, "model": "ukdata.ddmsource", "fields": {"url": "token:ATLASGROUPDISK:srm://lcgse0.shef.ac.uk:8446/srm/managerv2?SFN=/dpm/shef.ac.uk/home/atlas/atlasgroupdisk/soft-test/", "token": 96, "name": "UKI-NORTHGRID-SHEF-HEP_SOFT-TEST", "domain": ".*shef.ac.uk.*/atlasgroupdisk/soft-test/.*"}}, {"pk": 59, "model": "ukdata.ddmsource", "fields": {"url": "token:ATLASDATADISK:srm://se01.dur.scotgrid.ac.uk:8446/srm/managerv2?SFN=/dpm/dur.scotgrid.ac.uk/home/atlas/atlasdatadisk/", "token": 59, "name": "UKI-SCOTGRID-DURHAM_DATADISK", "domain": ".*dur.scotgrid.ac.uk.*/atlasdatadisk/.*"}}, {"pk": 62, "model": "ukdata.ddmsource", "fields": {"url": "token:ATLASHOTDISK:srm://se01.dur.scotgrid.ac.uk:8446/srm/managerv2?SFN=/dpm/dur.scotgrid.ac.uk/home/atlas/atlashotdisk/", "token": 62, "name": "UKI-SCOTGRID-DURHAM_HOTDISK", "domain": ".*dur.scotgrid.ac.uk.*/atlashotdisk/.*"}}, {"pk": 61, "model": "ukdata.ddmsource", "fields": {"url": "token:ATLASMCDISK:srm://se01.dur.scotgrid.ac.uk:8446/srm/managerv2?SFN=/dpm/dur.scotgrid.ac.uk/home/atlas/atlasmcdisk/", "token": 61, "name": "UKI-SCOTGRID-DURHAM_MCDISK", "domain": ".*dur.scotgrid.ac.uk.*/atlasmcdisk/.*"}}, {"pk": 60, "model": "ukdata.ddmsource", "fields": {"url": "token:ATLASPRODDISK:srm://se01.dur.scotgrid.ac.uk:8446/srm/managerv2?SFN=/dpm/dur.scotgrid.ac.uk/home/atlas/atlasproddisk/", "token": 60, "name": "UKI-SCOTGRID-DURHAM_PRODDISK", "domain": ".*dur.scotgrid.ac.uk.*/atlasproddisk/.*"}}, {"pk": 63, "model": "ukdata.ddmsource", "fields": {"url": "token:ATLASDATADISK:srm://srm.glite.ecdf.ed.ac.uk:8446/srm/managerv2?SFN=/dpm/ecdf.ed.ac.uk/home/atlas/atlasdatadisk/", "token": 63, "name": "UKI-SCOTGRID-ECDF_DATADISK", "domain": ".*glite.ecdf.ed.ac.uk.*/atlasdatadisk/.*"}}, {"pk": 66, "model": "ukdata.ddmsource", "fields": {"url": "token:ATLASHOTDISK:srm://srm.glite.ecdf.ed.ac.uk:8446/srm/managerv2?SFN=/dpm/ecdf.ed.ac.uk/home/atlas/atlashotdisk/", "token": 66, "name": "UKI-SCOTGRID-ECDF_HOTDISK", "domain": ".*glite.ecdf.ed.ac.uk.*/atlashotdisk/.*"}}, {"pk": 65, "model": "ukdata.ddmsource", "fields": {"url": "token:ATLASMCDISK:srm://srm.glite.ecdf.ed.ac.uk:8446/srm/managerv2?SFN=/dpm/ecdf.ed.ac.uk/home/atlas/atlasmcdisk/", "token": 65, "name": "UKI-SCOTGRID-ECDF_MCDISK", "domain": ".*glite.ecdf.ed.ac.uk.*/atlasmcdisk/.*"}}, {"pk": 64, "model": "ukdata.ddmsource", "fields": {"url": "token:ATLASPRODDISK:srm://srm.glite.ecdf.ed.ac.uk:8446/srm/managerv2?SFN=/dpm/ecdf.ed.ac.uk/home/atlas/atlasproddisk/", "token": 64, "name": "UKI-SCOTGRID-ECDF_PRODDISK", "domain": ".*glite.ecdf.ed.ac.uk.*/atlasproddisk/.*"}}, {"pk": 53, "model": "ukdata.ddmsource", "fields": {"url": "token:ATLASDATADISK:srm://svr018.gla.scotgrid.ac.uk:8446/srm/managerv2?SFN=/dpm/gla.scotgrid.ac.uk/home/atlas/atlasdatadisk/", "token": 53, "name": "UKI-SCOTGRID-GLASGOW_DATADISK", "domain": ".*gla.scotgrid.ac.uk.*/atlasdatadisk/.*"}}, {"pk": 57, "model": "ukdata.ddmsource", "fields": {"url": "token:ATLASHOTDISK:srm://svr018.gla.scotgrid.ac.uk:8446/srm/managerv2?SFN=/dpm/gla.scotgrid.ac.uk/home/atlas/atlashotdisk/", "token": 57, "name": "UKI-SCOTGRID-GLASGOW_HOTDISK", "domain": ".*gla.scotgrid.ac.uk.*/atlashotdisk/.*"}}, {"pk": 102, "model": "ukdata.ddmsource", "fields": {"url": "token:ATLASLOCALGROUPDISK:srm://svr018.gla.scotgrid.ac.uk:8446/srm/managerv2?SFN=/dpm/gla.scotgrid.ac.uk/home/atlas/atlaslocalgroupdisk/", "token": 102, "name": "UKI-SCOTGRID-GLASGOW_LOCALGROUPDISK", "domain": ".*gla.scotgrid.ac.uk.*/atlaslocalgroupdisk/.*"}}, {"pk": 54, "model": "ukdata.ddmsource", "fields": {"url": "token:ATLASMCDISK:srm://svr018.gla.scotgrid.ac.uk:8446/srm/managerv2?SFN=/dpm/gla.scotgrid.ac.uk/home/atlas/atlasmcdisk/", "token": 54, "name": "UKI-SCOTGRID-GLASGOW_MCDISK", "domain": ".*gla.scotgrid.ac.uk.*/atlasmcdisk/.*"}}, {"pk": 58, "model": "ukdata.ddmsource", "fields": {"url": "token:ATLASGROUPDISK:srm://svr018.gla.scotgrid.ac.uk:8446/srm/managerv2?SFN=/dpm/gla.scotgrid.ac.uk/home/atlas/atlasgroupdisk/phys-sm/", "token": 58, "name": "UKI-SCOTGRID-GLASGOW_PHYS-SM", "domain": ".*gla.scotgrid.ac.uk.*/atlasgroupdisk/phys-sm/.*"}}, {"pk": 55, "model": "ukdata.ddmsource", "fields": {"url": "token:ATLASPRODDISK:srm://svr018.gla.scotgrid.ac.uk:8446/srm/managerv2?SFN=/dpm/gla.scotgrid.ac.uk/home/atlas/atlasproddisk/", "token": 55, "name": "UKI-SCOTGRID-GLASGOW_PRODDISK", "domain": ".*gla.scotgrid.ac.uk.*/atlasproddisk/.*"}}, {"pk": 56, "model": "ukdata.ddmsource", "fields": {"url": "token:ATLASSCRATCHDISK:srm://svr018.gla.scotgrid.ac.uk:8446/srm/managerv2?SFN=/dpm/gla.scotgrid.ac.uk/home/atlas/atlasscratchdisk/", "token": 56, "name": "UKI-SCOTGRID-GLASGOW_SCRATCHDISK", "domain": ".*gla.scotgrid.ac.uk.*/atlasscratchdisk/.*"}}, {"pk": 18, "model": "ukdata.ddmsource", "fields": {"url": "token:ATLASDATADISK:srm://epgse1.ph.bham.ac.uk:8446/srm/managerv2?SFN=/dpm/ph.bham.ac.uk/home/atlas/atlasdatadisk/", "token": 18, "name": "UKI-SOUTHGRID-BHAM-HEP_DATADISK", "domain": ".*ph.bham.ac.uk.*/atlasdatadisk/.*"}}, {"pk": 22, "model": "ukdata.ddmsource", "fields": {"url": "token:ATLASHOTDISK:srm://epgse1.ph.bham.ac.uk:8446/srm/managerv2?SFN=/dpm/ph.bham.ac.uk/home/atlas/atlashotdisk/", "token": 22, "name": "UKI-SOUTHGRID-BHAM-HEP_HOTDISK", "domain": ".*ph.bham.ac.uk.*/atlashotdisk/.*"}}, {"pk": 104, "model": "ukdata.ddmsource", "fields": {"url": "token:ATLASLOCALGROUPDISK:srm://epgse1.ph.bham.ac.uk:8446/srm/managerv2?SFN=/dpm/ph.bham.ac.uk/home/atlas/atlaslocalgroupdisk/", "token": 104, "name": "UKI-SOUTHGRID-BHAM-HEP_LOCALGROUPDISK", "domain": ".*ph.bham.ac.uk.*/atlaslocalgroupdisk/.*"}}, {"pk": 19, "model": "ukdata.ddmsource", "fields": {"url": "token:ATLASMCDISK:srm://epgse1.ph.bham.ac.uk:8446/srm/managerv2?SFN=/dpm/ph.bham.ac.uk/home/atlas/atlasmcdisk/", "token": 19, "name": "UKI-SOUTHGRID-BHAM-HEP_MCDISK", "domain": ".*ph.bham.ac.uk.*/atlasmcdisk/.*"}}, {"pk": 20, "model": "ukdata.ddmsource", "fields": {"url": "token:ATLASPRODDISK:srm://epgse1.ph.bham.ac.uk:8446/srm/managerv2?SFN=/dpm/ph.bham.ac.uk/home/atlas/atlasproddisk/", "token": 20, "name": "UKI-SOUTHGRID-BHAM-HEP_PRODDISK", "domain": ".*ph.bham.ac.uk.*/atlasproddisk/.*"}}, {"pk": 21, "model": "ukdata.ddmsource", "fields": {"url": "token:ATLASSCRATCHDISK:srm://epgse1.ph.bham.ac.uk:8446/srm/managerv2?SFN=/dpm/ph.bham.ac.uk/home/atlas/atlasscratchdisk/", "token": 21, "name": "UKI-SOUTHGRID-BHAM-HEP_SCRATCHDISK", "domain": ".*ph.bham.ac.uk.*/atlasscratchdisk/.*"}}, {"pk": 23, "model": "ukdata.ddmsource", "fields": {"url": "token:ATLASGROUPDISK:srm://epgse1.ph.bham.ac.uk:8446/srm/managerv2?SFN=/dpm/ph.bham.ac.uk/home/atlas/atlasgroupdisk/soft-test/", "token": 23, "name": "UKI-SOUTHGRID-BHAM-HEP_SOFT-TEST", "domain": ".*ph.bham.ac.uk.*/atlasgroupdisk/soft-test/.*"}}, {"pk": 73, "model": "ukdata.ddmsource", "fields": {"url": "token:ATLASDATADISK:srm://serv02.hep.phy.cam.ac.uk:8446/srm/managerv2?SFN=/dpm/hep.phy.cam.ac.uk/home/atlas/atlasdatadisk/", "token": 73, "name": "UKI-SOUTHGRID-CAM-HEP_DATADISK", "domain": ".*hep.phy.cam.ac.uk.*/atlasdatadisk/.*"}}, {"pk": 77, "model": "ukdata.ddmsource", "fields": {"url": "token:ATLASHOTDISK:srm://serv02.hep.phy.cam.ac.uk:8446/srm/managerv2?SFN=/dpm/hep.phy.cam.ac.uk/home/atlas/atlashotdisk/", "token": 77, "name": "UKI-SOUTHGRID-CAM-HEP_HOTDISK", "domain": ".*hep.phy.cam.ac.uk.*/atlashotdisk/.*"}}, {"pk": 101, "model": "ukdata.ddmsource", "fields": {"url": "token:ATLASLOCALGROUPDISK:srm://serv02.hep.phy.cam.ac.uk:8446/srm/managerv2?SFN=/dpm/hep.phy.cam.ac.uk/home/atlas/atlaslocalgroupdisk/", "token": 101, "name": "UKI-SOUTHGRID-CAM-HEP_LOCALGROUPDISK", "domain": ".*hep.phy.cam.ac.uk.*/atlaslocalgroupdisk/.*"}}, {"pk": 74, "model": "ukdata.ddmsource", "fields": {"url": "token:ATLASMCDISK:srm://serv02.hep.phy.cam.ac.uk:8446/srm/managerv2?SFN=/dpm/hep.phy.cam.ac.uk/home/atlas/atlasmcdisk/", "token": 74, "name": "UKI-SOUTHGRID-CAM-HEP_MCDISK", "domain": ".*hep.phy.cam.ac.uk.*/atlasmcdisk/.*"}}, {"pk": 75, "model": "ukdata.ddmsource", "fields": {"url": "token:ATLASPRODDISK:srm://serv02.hep.phy.cam.ac.uk:8446/srm/managerv2?SFN=/dpm/hep.phy.cam.ac.uk/home/atlas/atlasproddisk/", "token": 75, "name": "UKI-SOUTHGRID-CAM-HEP_PRODDISK", "domain": ".*hep.phy.cam.ac.uk.*/atlasproddisk/.*"}}, {"pk": 76, "model": "ukdata.ddmsource", "fields": {"url": "token:ATLASSCRATCHDISK:srm://serv02.hep.phy.cam.ac.uk:8446/srm/managerv2?SFN=/dpm/hep.phy.cam.ac.uk/home/atlas/atlasscratchdisk/", "token": 76, "name": "UKI-SOUTHGRID-CAM-HEP_SCRATCHDISK", "domain": ".*hep.phy.cam.ac.uk.*/atlasscratchdisk/.*"}}, {"pk": 78, "model": "ukdata.ddmsource", "fields": {"url": "token:ATLASGROUPDISK:srm://serv02.hep.phy.cam.ac.uk:8446/srm/managerv2?SFN=/dpm/hep.phy.cam.ac.uk/home/atlas/atlasgroupdisk/soft-test/", "token": 78, "name": "UKI-SOUTHGRID-CAM-HEP_SOFT-TEST", "domain": ".*hep.phy.cam.ac.uk.*/atlasgroupdisk/soft-test/.*"}}, {"pk": 67, "model": "ukdata.ddmsource", "fields": {"url": "token:ATLASDATADISK:srm://t2se01.physics.ox.ac.uk:8446/srm/managerv2?SFN=/dpm/physics.ox.ac.uk/home/atlas/atlasdatadisk/", "token": 67, "name": "UKI-SOUTHGRID-OX-HEP_DATADISK", "domain": ".*physics.ox.ac.uk.*/atlasdatadisk/.*"}}, {"pk": 71, "model": "ukdata.ddmsource", "fields": {"url": "token:ATLASHOTDISK:srm://t2se01.physics.ox.ac.uk:8446/srm/managerv2?SFN=/dpm/physics.ox.ac.uk/home/atlas/atlashotdisk/", "token": 71, "name": "UKI-SOUTHGRID-OX-HEP_HOTDISK", "domain": ".*physics.ox.ac.uk.*/atlashotdisk/.*"}}, {"pk": 108, "model": "ukdata.ddmsource", "fields": {"url": "token:ATLASLOCALGROUPDISK:srm://t2se01.physics.ox.ac.uk:8446/srm/managerv2?SFN=/dpm/physics.ox.ac.uk/home/atlas/atlaslocalgroupdisk/", "token": 108, "name": "UKI-SOUTHGRID-OX-HEP_LOCALGROUPDISK", "domain": ".*physics.ox.ac.uk.*/atlaslocalgroupdisk/.*"}}, {"pk": 68, "model": "ukdata.ddmsource", "fields": {"url": "token:ATLASMCDISK:srm://t2se01.physics.ox.ac.uk:8446/srm/managerv2?SFN=/dpm/physics.ox.ac.uk/home/atlas/atlasmcdisk/", "token": 68, "name": "UKI-SOUTHGRID-OX-HEP_MCDISK", "domain": ".*physics.ox.ac.uk.*/atlasmcdisk/.*"}}, {"pk": 69, "model": "ukdata.ddmsource", "fields": {"url": "token:ATLASPRODDISK:srm://t2se01.physics.ox.ac.uk:8446/srm/managerv2?SFN=/dpm/physics.ox.ac.uk/home/atlas/atlasproddisk/", "token": 69, "name": "UKI-SOUTHGRID-OX-HEP_PRODDISK", "domain": ".*physics.ox.ac.uk.*/atlasproddisk/.*"}}, {"pk": 70, "model": "ukdata.ddmsource", "fields": {"url": "token:ATLASSCRATCHDISK:srm://t2se01.physics.ox.ac.uk:8446/srm/managerv2?SFN=/dpm/physics.ox.ac.uk/home/atlas/atlasscratchdisk/", "token": 70, "name": "UKI-SOUTHGRID-OX-HEP_SCRATCHDISK", "domain": ".*physics.ox.ac.uk.*/atlasscratchdisk/.*"}}, {"pk": 72, "model": "ukdata.ddmsource", "fields": {"url": "token:ATLASGROUPDISK:srm://t2se01.physics.ox.ac.uk:8446/srm/managerv2?SFN=/dpm/physics.ox.ac.uk/home/atlas/atlasgroupdisk/soft-test/", "token": 72, "name": "UKI-SOUTHGRID-OX-HEP_SOFT-TEST", "domain": ".*physics.ox.ac.uk.*/atlasgroupdisk/soft-test/.*"}}, {"pk": 24, "model": "ukdata.ddmsource", "fields": {"url": "token:ATLASDATADISK:srm://heplnx204.pp.rl.ac.uk:8443/srm/managerv2?SFN=/pnfs/pp.rl.ac.uk/data/atlas/atlasdatadisk/", "token": 24, "name": "UKI-SOUTHGRID-RALPP_DATADISK", "domain": ".*\\.pp.rl.ac.uk.*/atlasdatadisk/.*"}}, {"pk": 28, "model": "ukdata.ddmsource", "fields": {"url": "token:ATLASHOTDISK:srm://heplnx204.pp.rl.ac.uk:8443/srm/managerv2?SFN=/pnfs/pp.rl.ac.uk/data/atlas/atlashotdisk/", "token": 28, "name": "UKI-SOUTHGRID-RALPP_HOTDISK", "domain": ".*\\.pp.rl.ac.uk.*/atlashotdisk/.*"}}, {"pk": 103, "model": "ukdata.ddmsource", "fields": {"url": "token:ATLASLOCALGROUPDISK:srm://heplnx204.pp.rl.ac.uk:8443/srm/managerv2?SFN=/pnfs/pp.rl.ac.uk/data/atlas/atlaslocalgroupdisk/", "token": 103, "name": "UKI-SOUTHGRID-RALPP_LOCALGROUPDISK", "domain": ".*\\.pp.rl.ac.uk.*/atlaslocalgroupdisk/.*"}}, {"pk": 25, "model": "ukdata.ddmsource", "fields": {"url": "token:ATLASMCDISK:srm://heplnx204.pp.rl.ac.uk:8443/srm/managerv2?SFN=/pnfs/pp.rl.ac.uk/data/atlas/atlasmcdisk/", "token": 25, "name": "UKI-SOUTHGRID-RALPP_MCDISK", "domain": ".*\\.pp.rl.ac.uk.*/atlasmcdisk/.*"}}, {"pk": 26, "model": "ukdata.ddmsource", "fields": {"url": "token:ATLASPRODDISK:srm://heplnx204.pp.rl.ac.uk:8443/srm/managerv2?SFN=/pnfs/pp.rl.ac.uk/data/atlas/atlasproddisk/", "token": 26, "name": "UKI-SOUTHGRID-RALPP_PRODDISK", "domain": ".*\\.pp.rl.ac.uk.*/atlasproddisk/.*"}}, {"pk": 27, "model": "ukdata.ddmsource", "fields": {"url": "token:ATLASSCRATCHDISK:srm://heplnx204.pp.rl.ac.uk:8443/srm/managerv2?SFN=/pnfs/pp.rl.ac.uk/data/atlas/atlasscratchdisk/", "token": 27, "name": "UKI-SOUTHGRID-RALPP_SCRATCHDISK", "domain": ".*\\.pp.rl.ac.uk.*/atlasscratchdisk/.*"}}, {"pk": 29, "model": "ukdata.ddmsource", "fields": {"url": "token:ATLASGROUPDISK:srm://heplnx204.pp.rl.ac.uk:8443/srm/managerv2?SFN=/pnfs/pp.rl.ac.uk/data/atlas/atlasgroupdisk/soft-test/", "token": 29, "name": "UKI-SOUTHGRID-RALPP_SOFT-TEST", "domain": ".*\\.pp.rl.ac.uk.*/atlasgroupdisk/soft-test/.*"}}, {"pk": 1, "model": "ukdata.space", "fields": {"unused": 213.59303414116701, "token": 1, "total": 450.89382152601598, "used": 237.300787384849, "datetime": "2009-10-22 12:56:54"}}, {"pk": 2, "model": "ukdata.space", "fields": {"unused": 264.48808547923301, "token": 2, "total": 401.91249774182398, "used": 137.42441226259101, "datetime": "2009-10-22 12:57:03"}}, {"pk": 3, "model": "ukdata.space", "fields": {"unused": 8.5231786940180001, "token": 3, "total": 29.992906686464, "used": 21.469727992446, "datetime": "2009-10-22 12:57:13"}}, {"pk": 4, "model": "ukdata.space", "fields": {"unused": 26.170874851937, "token": 4, "total": 32.992135647231997, "used": 6.8212607952950002, "datetime": "2009-10-22 12:57:22"}}, {"pk": 5, "model": "ukdata.space", "fields": {"unused": 15.840689233314, "token": 5, "total": 17.995785150463998, "used": 2.1550959171500002, "datetime": "2009-10-22 12:57:30"}}, {"pk": 6, "model": "ukdata.space", "fields": {"unused": 41.473853667862002, "token": 6, "total": 44.989462876159998, "used": 3.5156092082980002, "datetime": "2009-10-22 12:57:48"}}, {"pk": 7, "model": "ukdata.space", "fields": {"unused": 16.585712008609999, "token": 7, "total": 17.995785150463998, "used": 1.410073141854, "datetime": "2009-10-22 12:57:57"}}, {"pk": 8, "model": "ukdata.space", "fields": {"unused": 2.2299601807460001, "token": 8, "total": 5.4975581388799997, "used": 3.267597958134, "datetime": "2009-10-22 12:58:07"}}, {"pk": 9, "model": "ukdata.space", "fields": {"unused": 15.856191647555001, "token": 9, "total": 27.487790694400001, "used": 11.631599046845, "datetime": "2009-10-22 12:58:16"}}, {"pk": 10, "model": "ukdata.space", "fields": {"unused": 5.3872658684900001, "token": 10, "total": 5.4975581388799997, "used": 0.11029227039, "datetime": "2009-10-22 12:58:25"}}, {"pk": 11, "model": "ukdata.space", "fields": {"unused": 2.7236692668270002, "token": 11, "total": 3.2985348833280002, "used": 0.57486561650099999, "datetime": "2009-10-22 12:58:34"}}, {"pk": 12, "model": "ukdata.space", "fields": {"unused": 1.6105549145160001, "token": 12, "total": 1.610612736, "used": 5.7821483999999998e-05, "datetime": "2009-10-22 12:58:43"}}, {"pk": 13, "model": "ukdata.space", "fields": {"unused": 1.6589815908900001, "token": 13, "total": 5.4975581388799997, "used": 3.8385765479899998, "datetime": "2009-10-22 12:58:53"}}, {"pk": 14, "model": "ukdata.space", "fields": {"unused": 6.768155870468, "token": 14, "total": 21.990232555519999, "used": 15.222076685052, "datetime": "2009-10-22 12:59:03"}}, {"pk": 15, "model": "ukdata.space", "fields": {"unused": 4.8459018985949998, "token": 15, "total": 5.4975581388799997, "used": 0.65165624028500002, "datetime": "2009-10-22 12:59:12"}}, {"pk": 16, "model": "ukdata.space", "fields": {"unused": 3.2661147352620001, "token": 16, "total": 3.2985348833280002, "used": 0.032420148066, "datetime": "2009-10-22 12:59:21"}}, {"pk": 17, "model": "ukdata.space", "fields": {"unused": 1.610612610772, "token": 17, "total": 1.610612736, "used": 1.2522799999999999e-07, "datetime": "2009-10-22 12:59:29"}}, {"pk": 18, "model": "ukdata.space", "fields": {"unused": 6.1538501656970004, "token": 18, "total": 7.6965813944320001, "used": 1.5427312287349999, "datetime": "2009-10-22 12:59:39"}}, {"pk": 19, "model": "ukdata.space", "fields": {"unused": 5.1841990846739998, "token": 19, "total": 14.495514624, "used": 9.3113155393259994, "datetime": "2009-10-22 12:59:50"}}, {"pk": 20, "model": "ukdata.space", "fields": {"unused": 1.6041742920440001, "token": 20, "total": 1.610612736, "used": 0.0064384439559999999, "datetime": "2009-10-22 13:00:02"}}, {"pk": 21, "model": "ukdata.space", "fields": {"unused": 2.089776114702, "token": 21, "total": 2.199023255552, "used": 0.10924714084999999, "datetime": "2009-10-22 13:00:14"}}, {"pk": 22, "model": "ukdata.space", "fields": {"unused": 0.89271965466100001, "token": 22, "total": 1.099511627776, "used": 0.206791973115, "datetime": "2009-10-22 13:00:25"}}, {"pk": 23, "model": "ukdata.space", "fields": {"unused": 3.2985348833280002, "token": 23, "total": 3.2985348833280002, "used": 0.0, "datetime": "2009-10-22 13:00:36"}}, {"pk": 24, "model": "ukdata.space", "fields": {"unused": 29.323604703225001, "token": 24, "total": 35.0, "used": 5.6763952967750004, "datetime": "2009-10-22 13:00:44"}}, {"pk": 25, "model": "ukdata.space", "fields": {"unused": 33.008853889371998, "token": 25, "total": 54.0, "used": 20.991146110628002, "datetime": "2009-10-22 13:00:53"}}, {"pk": 26, "model": "ukdata.space", "fields": {"unused": 4.4430816866429996, "token": 26, "total": 4.5, "used": 0.056918313356999997, "datetime": "2009-10-22 13:01:02"}}, {"pk": 27, "model": "ukdata.space", "fields": {"unused": 10.603848812823999, "token": 27, "total": 11.0, "used": 0.39615118717600001, "datetime": "2009-10-22 13:01:10"}}, {"pk": 28, "model": "ukdata.space", "fields": {"unused": 0.791787920817, "token": 28, "total": 0.99857989631999999, "used": 0.20679197550299999, "datetime": "2009-10-22 13:01:19"}}, {"pk": 29, "model": "ukdata.space", "fields": {"unused": 10.999999998225, "token": 29, "total": 11.0, "used": 1.775e-09, "datetime": "2009-10-22 13:01:27"}}, {"pk": 30, "model": "ukdata.space", "fields": {"unused": 1.000158542808, "token": 30, "total": 1.0737418240000001, "used": 0.073583281192, "datetime": "2009-10-22 13:01:36"}}, {"pk": 31, "model": "ukdata.space", "fields": {"unused": 2.1204562877450002, "token": 31, "total": 2.1474836480000001, "used": 0.027027360255000001, "datetime": "2009-10-22 13:53:12"}}, {"pk": 32, "model": "ukdata.space", "fields": {"unused": 0.86697078481500001, "token": 32, "total": 1.0737418240000001, "used": 0.20677103918500001, "datetime": "2009-10-22 13:53:20"}}, {"pk": 33, "model": "ukdata.space", "fields": {"unused": 213.46609568919899, "token": 1, "total": 450.89382152601598, "used": 237.42772583681699, "datetime": "2009-10-22 13:53:31"}}, {"pk": 34, "model": "ukdata.space", "fields": {"unused": 264.38704830444902, "token": 2, "total": 401.91249774182398, "used": 137.52544943737499, "datetime": "2009-10-22 13:53:41"}}, {"pk": 35, "model": "ukdata.space", "fields": {"unused": 8.5236027324180004, "token": 3, "total": 29.992906686464, "used": 21.469303954046001, "datetime": "2009-10-22 13:53:49"}}, {"pk": 36, "model": "ukdata.space", "fields": {"unused": 26.165891301984999, "token": 4, "total": 32.992135647231997, "used": 6.8262443452469999, "datetime": "2009-10-22 13:53:59"}}, {"pk": 37, "model": "ukdata.space", "fields": {"unused": 15.846372756898001, "token": 5, "total": 17.995785150463998, "used": 2.1494123935660001, "datetime": "2009-10-22 13:54:08"}}, {"pk": 38, "model": "ukdata.space", "fields": {"unused": 41.482632509974003, "token": 6, "total": 44.989462876159998, "used": 3.5068303661860001, "datetime": "2009-10-22 13:54:25"}}, {"pk": 39, "model": "ukdata.space", "fields": {"unused": 16.579510975906, "token": 7, "total": 17.995785150463998, "used": 1.4162741745580001, "datetime": "2009-10-22 13:54:35"}}, {"pk": 40, "model": "ukdata.space", "fields": {"unused": 2.2299601807460001, "token": 8, "total": 5.4975581388799997, "used": 3.267597958134, "datetime": "2009-10-22 13:54:44"}}, {"pk": 41, "model": "ukdata.space", "fields": {"unused": 15.856191647555001, "token": 9, "total": 27.487790694400001, "used": 11.631599046845, "datetime": "2009-10-22 13:54:53"}}, {"pk": 42, "model": "ukdata.space", "fields": {"unused": 5.3872658684900001, "token": 10, "total": 5.4975581388799997, "used": 0.11029227039, "datetime": "2009-10-22 13:55:02"}}, {"pk": 43, "model": "ukdata.space", "fields": {"unused": 2.7236692668270002, "token": 11, "total": 3.2985348833280002, "used": 0.57486561650099999, "datetime": "2009-10-22 13:55:11"}}, {"pk": 44, "model": "ukdata.space", "fields": {"unused": 1.6105549145160001, "token": 12, "total": 1.610612736, "used": 5.7821483999999998e-05, "datetime": "2009-10-22 13:55:20"}}, {"pk": 45, "model": "ukdata.space", "fields": {"unused": 1.6589815908900001, "token": 13, "total": 5.4975581388799997, "used": 3.8385765479899998, "datetime": "2009-10-22 13:55:29"}}, {"pk": 46, "model": "ukdata.space", "fields": {"unused": 6.768155870468, "token": 14, "total": 21.990232555519999, "used": 15.222076685052, "datetime": "2009-10-22 13:55:39"}}, {"pk": 47, "model": "ukdata.space", "fields": {"unused": 4.8459018985949998, "token": 15, "total": 5.4975581388799997, "used": 0.65165624028500002, "datetime": "2009-10-22 13:55:48"}}, {"pk": 48, "model": "ukdata.space", "fields": {"unused": 3.2661147352620001, "token": 16, "total": 3.2985348833280002, "used": 0.032420148066, "datetime": "2009-10-22 13:55:58"}}, {"pk": 49, "model": "ukdata.space", "fields": {"unused": 1.610612610772, "token": 17, "total": 1.610612736, "used": 1.2522799999999999e-07, "datetime": "2009-10-22 13:56:07"}}, {"pk": 50, "model": "ukdata.space", "fields": {"unused": 6.1538501656970004, "token": 18, "total": 7.6965813944320001, "used": 1.5427312287349999, "datetime": "2009-10-22 13:56:17"}}, {"pk": 51, "model": "ukdata.space", "fields": {"unused": 5.1841990846739998, "token": 19, "total": 14.495514624, "used": 9.3113155393259994, "datetime": "2009-10-22 13:56:27"}}, {"pk": 52, "model": "ukdata.space", "fields": {"unused": 1.6041742920440001, "token": 20, "total": 1.610612736, "used": 0.0064384439559999999, "datetime": "2009-10-22 13:56:36"}}, {"pk": 53, "model": "ukdata.space", "fields": {"unused": 2.089776114702, "token": 21, "total": 2.199023255552, "used": 0.10924714084999999, "datetime": "2009-10-22 13:56:46"}}, {"pk": 54, "model": "ukdata.space", "fields": {"unused": 0.89271965466100001, "token": 22, "total": 1.099511627776, "used": 0.206791973115, "datetime": "2009-10-22 13:56:56"}}, {"pk": 55, "model": "ukdata.space", "fields": {"unused": 3.2985348833280002, "token": 23, "total": 3.2985348833280002, "used": 0.0, "datetime": "2009-10-22 13:57:06"}}, {"pk": 56, "model": "ukdata.space", "fields": {"unused": 29.323604703225001, "token": 24, "total": 35.0, "used": 5.6763952967750004, "datetime": "2009-10-22 13:57:15"}}, {"pk": 57, "model": "ukdata.space", "fields": {"unused": 33.008853889371998, "token": 25, "total": 54.0, "used": 20.991146110628002, "datetime": "2009-10-22 13:57:23"}}, {"pk": 58, "model": "ukdata.space", "fields": {"unused": 4.4430816866429996, "token": 26, "total": 4.5, "used": 0.056918313356999997, "datetime": "2009-10-22 13:57:31"}}, {"pk": 59, "model": "ukdata.space", "fields": {"unused": 10.603848812823999, "token": 27, "total": 11.0, "used": 0.39615118717600001, "datetime": "2009-10-22 13:57:39"}}, {"pk": 60, "model": "ukdata.space", "fields": {"unused": 0.791787920817, "token": 28, "total": 0.99857989631999999, "used": 0.20679197550299999, "datetime": "2009-10-22 13:57:47"}}, {"pk": 61, "model": "ukdata.space", "fields": {"unused": 10.999999998225, "token": 29, "total": 11.0, "used": 1.775e-09, "datetime": "2009-10-22 13:57:56"}}, {"pk": 62, "model": "ukdata.space", "fields": {"unused": 1.000158542808, "token": 30, "total": 1.0737418240000001, "used": 0.073583281192, "datetime": "2009-10-22 13:58:05"}}, {"pk": 63, "model": "ukdata.space", "fields": {"unused": 2.1204562877450002, "token": 31, "total": 2.1474836480000001, "used": 0.027027360255000001, "datetime": "2009-10-22 13:58:14"}}, {"pk": 64, "model": "ukdata.space", "fields": {"unused": 0.86697078481500001, "token": 32, "total": 1.0737418240000001, "used": 0.20677103918500001, "datetime": "2009-10-22 13:58:22"}}, {"pk": 65, "model": "ukdata.space", "fields": {"unused": 0.50172991522800003, "token": 33, "total": 0.53687091200000003, "used": 0.035140996771999999, "datetime": "2009-10-22 13:58:31"}}, {"pk": 66, "model": "ukdata.space", "fields": {"unused": 2.1881013644239999, "token": 34, "total": 2.199023255552, "used": 0.010921891128000001, "datetime": "2009-10-22 13:58:40"}}, {"pk": 67, "model": "ukdata.space", "fields": {"unused": 35.522797377373003, "token": 35, "total": 37.580963840000003, "used": 2.0581664626270002, "datetime": "2009-10-22 13:58:48"}}, {"pk": 68, "model": "ukdata.space", "fields": {"unused": 64.348035546871998, "token": 36, "total": 64.424509439999994, "used": 0.076473893128000001, "datetime": "2009-10-22 13:58:57"}}, {"pk": 69, "model": "ukdata.space", "fields": {"unused": 10.732962533989999, "token": 37, "total": 10.73741824, "used": 0.0044557060100000002, "datetime": "2009-10-22 13:59:06"}}, {"pk": 70, "model": "ukdata.space", "fields": {"unused": 10.663305969143, "token": 38, "total": 10.73741824, "used": 0.074112270857000007, "datetime": "2009-10-22 13:59:15"}}, {"pk": 71, "model": "ukdata.space", "fields": {"unused": 1.0737418240000001, "token": 39, "total": 1.0737418240000001, "used": 0.0, "datetime": "2009-10-22 13:59:24"}}, {"pk": 72, "model": "ukdata.space", "fields": {"unused": 10.73741824, "token": 40, "total": 10.73741824, "used": 0.0, "datetime": "2009-10-22 13:59:32"}}, {"pk": 73, "model": "ukdata.space", "fields": {"unused": 75.116096405530996, "token": 41, "total": 94.557999988736, "used": 19.441903583205001, "datetime": "2009-10-22 13:59:45"}}, {"pk": 74, "model": "ukdata.space", "fields": {"unused": 13.930991499451, "token": 42, "total": 49.47802324992, "used": 35.547031750469003, "datetime": "2009-10-22 13:59:54"}}, {"pk": 75, "model": "ukdata.space", "fields": {"unused": 4.5370956105619999, "token": 43, "total": 5.4975581388799997, "used": 0.96046252831800005, "datetime": "2009-10-22 14:00:05"}}, {"pk": 76, "model": "ukdata.space", "fields": {"unused": 6.0535814056359998, "token": 44, "total": 6.5970697666560003, "used": 0.54348836101999998, "datetime": "2009-10-22 14:00:16"}}, {"pk": 77, "model": "ukdata.space", "fields": {"unused": 0.89274058859100003, "token": 45, "total": 1.099511627776, "used": 0.20677103918500001, "datetime": "2009-10-22 14:00:29"}}, {"pk": 78, "model": "ukdata.space", "fields": {"unused": 10.995116277759999, "token": 46, "total": 10.995116277759999, "used": 0.0, "datetime": "2009-10-22 14:00:39"}}, {"pk": 79, "model": "ukdata.space", "fields": {"unused": 14.896497964194999, "token": 47, "total": 17.592186044416, "used": 2.6956880802210001, "datetime": "2009-10-22 14:00:48"}}, {"pk": 80, "model": "ukdata.space", "fields": {"unused": 3.7754420211339998, "token": 48, "total": 10.995116277759999, "used": 7.2196742566259999, "datetime": "2009-10-22 14:00:57"}}, {"pk": 81, "model": "ukdata.space", "fields": {"unused": 2.197346200173, "token": 49, "total": 2.199023255552, "used": 0.001677055379, "datetime": "2009-10-22 14:01:07"}}, {"pk": 82, "model": "ukdata.space", "fields": {"unused": 2.1576260852810001, "token": 50, "total": 2.199023255552, "used": 0.041397170270999997, "datetime": "2009-10-22 14:01:16"}}, {"pk": 83, "model": "ukdata.space", "fields": {"unused": 0.864872112262, "token": 51, "total": 1.099511627776, "used": 0.234639515514, "datetime": "2009-10-22 14:01:26"}}, {"pk": 84, "model": "ukdata.space", "fields": {"unused": 2.1990127885869999, "token": 52, "total": 2.199023255552, "used": 1.0466965000000001e-05, "datetime": "2009-10-22 14:01:35"}}, {"pk": 85, "model": "ukdata.space", "fields": {"unused": 65.871173092503, "token": 53, "total": 104.45360463871999, "used": 38.582431546217002, "datetime": "2009-10-22 14:01:44"}}, {"pk": 86, "model": "ukdata.space", "fields": {"unused": 0.40695977464700001, "token": 54, "total": 60.473139527679997, "used": 60.066179753032998, "datetime": "2009-10-22 14:01:52"}}, {"pk": 87, "model": "ukdata.space", "fields": {"unused": 4.5677566996790002, "token": 55, "total": 5.4975581388799997, "used": 0.929801439201, "datetime": "2009-10-22 14:02:00"}}, {"pk": 88, "model": "ukdata.space", "fields": {"unused": 4.3000226259729999, "token": 56, "total": 5.4975581388799997, "used": 1.197535512907, "datetime": "2009-10-22 14:02:18"}}, {"pk": 89, "model": "ukdata.space", "fields": {"unused": 1.9527884310100001, "token": 57, "total": 2.199023255552, "used": 0.24623482454199999, "datetime": "2009-10-22 14:02:26"}}, {"pk": 90, "model": "ukdata.space", "fields": {"unused": 6.5970697666560003, "token": 58, "total": 6.5970697666560003, "used": 0.0, "datetime": "2009-10-22 14:02:34"}}, {"pk": 91, "model": "ukdata.space", "fields": {"unused": 2.1597911976850002, "token": 59, "total": 2.199023255552, "used": 0.039232057867, "datetime": "2009-10-22 14:02:44"}}, {"pk": 92, "model": "ukdata.space", "fields": {"unused": 1.0634953106639999, "token": 60, "total": 2.199023255552, "used": 1.135527944888, "datetime": "2009-10-22 14:02:53"}}, {"pk": 93, "model": "ukdata.space", "fields": {"unused": 5.0395596931190001, "token": 61, "total": 5.4975581388799997, "used": 0.45799844576100002, "datetime": "2009-10-22 14:03:02"}}, {"pk": 94, "model": "ukdata.space", "fields": {"unused": 0.89273194901200004, "token": 62, "total": 1.099511627776, "used": 0.206779678764, "datetime": "2009-10-22 14:03:11"}}, {"pk": 95, "model": "ukdata.space", "fields": {"unused": 4.054789830761, "token": 63, "total": 4.3980465111039999, "used": 0.343256680343, "datetime": "2009-10-22 14:03:20"}}, {"pk": 96, "model": "ukdata.space", "fields": {"unused": 1.9613053343189999, "token": 64, "total": 2.199023255552, "used": 0.23771792123300001, "datetime": "2009-10-22 14:03:28"}}, {"pk": 97, "model": "ukdata.space", "fields": {"unused": 3.916447483302, "token": 65, "total": 4.3980465111039999, "used": 0.48159902780199998, "datetime": "2009-10-22 14:03:37"}}, {"pk": 98, "model": "ukdata.space", "fields": {"unused": 0.69592959378599994, "token": 66, "total": 1.099511627776, "used": 0.40358203398999998, "datetime": "2009-10-22 14:03:46"}}, {"pk": 99, "model": "ukdata.space", "fields": {"unused": 4.2349620546009996, "token": 67, "total": 18.691697672191999, "used": 14.456735617591001, "datetime": "2009-10-22 14:03:55"}}, {"pk": 100, "model": "ukdata.space", "fields": {"unused": 8.3138879219100001, "token": 68, "total": 35.184372088831999, "used": 26.870484166922001, "datetime": "2009-10-22 14:04:04"}}, {"pk": 101, "model": "ukdata.space", "fields": {"unused": 2.2001168632939998, "token": 69, "total": 2.199023255552, "used": -0.001093607742, "datetime": "2009-10-22 14:04:13"}}, {"pk": 102, "model": "ukdata.space", "fields": {"unused": 4.8236343448129997, "token": 70, "total": 5.4975581388799997, "used": 0.67392379406699998, "datetime": "2009-10-22 14:04:23"}}, {"pk": 103, "model": "ukdata.space", "fields": {"unused": 0.89273012162599996, "token": 71, "total": 1.099511627776, "used": 0.20678150614999999, "datetime": "2009-10-22 14:04:32"}}, {"pk": 104, "model": "ukdata.space", "fields": {"unused": 2.1990232537769998, "token": 72, "total": 2.199023255552, "used": 1.775e-09, "datetime": "2009-10-22 14:04:41"}}, {"pk": 105, "model": "ukdata.space", "fields": {"unused": 2.292542275917, "token": 73, "total": 10.995116277759999, "used": 8.7025740018430007, "datetime": "2009-10-22 14:04:49"}}, {"pk": 106, "model": "ukdata.space", "fields": {"unused": 2.84039805366, "token": 74, "total": 13.194139533312001, "used": 10.353741479651999, "datetime": "2009-10-22 14:04:59"}}, {"pk": 107, "model": "ukdata.space", "fields": {"unused": 1.0267432610180001, "token": 75, "total": 1.099511627776, "used": 0.072768366757999997, "datetime": "2009-10-22 14:05:08"}}, {"pk": 108, "model": "ukdata.space", "fields": {"unused": 3.0667273412979998, "token": 76, "total": 3.2985348833280002, "used": 0.23180754203000001, "datetime": "2009-10-22 14:05:17"}}, {"pk": 109, "model": "ukdata.space", "fields": {"unused": 0.89273012162599996, "token": 77, "total": 1.099511627776, "used": 0.20678150614999999, "datetime": "2009-10-22 14:05:27"}}, {"pk": 110, "model": "ukdata.space", "fields": {"unused": 2.199023255552, "token": 78, "total": 2.199023255552, "used": 0.0, "datetime": "2009-10-22 14:05:37"}}, {"pk": 111, "model": "ukdata.space", "fields": {"unused": 80.554035177052, "token": 79, "total": 102.254581383168, "used": 21.700546206116002, "datetime": "2009-10-22 14:05:46"}}, {"pk": 112, "model": "ukdata.space", "fields": {"unused": 0.89270918769600005, "token": 80, "total": 1.099511627776, "used": 0.20680244008000001, "datetime": "2009-10-22 14:05:56"}}, {"pk": 113, "model": "ukdata.space", "fields": {"unused": 54.732059053112998, "token": 81, "total": 102.254581383168, "used": 47.522522330054997, "datetime": "2009-10-22 14:06:06"}}, {"pk": 114, "model": "ukdata.space", "fields": {"unused": 32.990683608878001, "token": 82, "total": 32.98534883328, "used": -0.0053347755980000001, "datetime": "2009-10-22 14:06:16"}}, {"pk": 115, "model": "ukdata.space", "fields": {"unused": 32.461151094469997, "token": 83, "total": 32.98534883328, "used": 0.52419773880999998, "datetime": "2009-10-22 14:06:26"}}, {"pk": 116, "model": "ukdata.space", "fields": {"unused": 101.50509157608199, "token": 84, "total": 102.254581383168, "used": 0.74948980708599999, "datetime": "2009-10-22 14:06:37"}}, {"pk": 117, "model": "ukdata.space", "fields": {"unused": 41.772723020767003, "token": 85, "total": 57.096221491199998, "used": 15.323498470433, "datetime": "2009-10-22 14:06:46"}}, {"pk": 118, "model": "ukdata.space", "fields": {"unused": 13.733066835581001, "token": 86, "total": 47.278999994368, "used": 33.545933158787001, "datetime": "2009-10-22 14:06:55"}}, {"pk": 119, "model": "ukdata.space", "fields": {"unused": 2.1717432046240002, "token": 87, "total": 2.199023255552, "used": 0.027280050928, "datetime": "2009-10-22 14:07:04"}}, {"pk": 120, "model": "ukdata.space", "fields": {"unused": 5.0518327739010003, "token": 88, "total": 5.4975581388799997, "used": 0.445725364979, "datetime": "2009-10-22 14:07:14"}}, {"pk": 121, "model": "ukdata.space", "fields": {"unused": 1.9663337719630001, "token": 89, "total": 2.199023255552, "used": 0.23268948358899999, "datetime": "2009-10-22 14:07:23"}}, {"pk": 122, "model": "ukdata.space", "fields": {"unused": 43.980465082667003, "token": 90, "total": 43.980465111039997, "used": 2.8372999999999999e-08, "datetime": "2009-10-22 14:07:33"}}, {"pk": 123, "model": "ukdata.space", "fields": {"unused": 1.7025592027400001, "token": 91, "total": 4.3980465111039999, "used": 2.6954873083640001, "datetime": "2009-10-22 14:07:42"}}, {"pk": 124, "model": "ukdata.space", "fields": {"unused": 6.7207309005660001, "token": 92, "total": 14.293651161088, "used": 7.5729202605220003, "datetime": "2009-10-22 14:07:51"}}, {"pk": 125, "model": "ukdata.space", "fields": {"unused": 2.090308972975, "token": 93, "total": 2.199023255552, "used": 0.108714282577, "datetime": "2009-10-22 14:07:59"}}, {"pk": 126, "model": "ukdata.space", "fields": {"unused": 0.68175497125100004, "token": 94, "total": 1.099511627776, "used": 0.41775665652499999, "datetime": "2009-10-22 14:08:08"}}, {"pk": 127, "model": "ukdata.space", "fields": {"unused": 1.9922417494019999, "token": 95, "total": 2.199023255552, "used": 0.20678150614999999, "datetime": "2009-10-22 14:08:18"}}, {"pk": 128, "model": "ukdata.space", "fields": {"unused": 0.53687091200000003, "token": 96, "total": 0.53687091200000003, "used": 0.0, "datetime": "2009-10-22 14:08:27"}}, {"pk": 129, "model": "ukdata.space", "fields": {"unused": 0.49402243409300001, "token": 97, "total": 0.53687091200000003, "used": 0.042848477906999999, "datetime": "2009-10-22 14:08:36"}}, {"pk": 130, "model": "ukdata.space", "fields": {"unused": 4.7855258136270002, "token": 98, "total": 10.995116277759999, "used": 6.209590464133, "datetime": "2009-10-22 14:08:46"}}, {"pk": 131, "model": "ukdata.space", "fields": {"unused": 1.383900973651, "token": 99, "total": 3.2985348833280002, "used": 1.914633909677, "datetime": "2009-10-22 14:08:56"}}, {"pk": 132, "model": "ukdata.space", "fields": {"unused": 0.41036302395300001, "token": 100, "total": 3.2985348833280002, "used": 2.8881718593749999, "datetime": "2009-10-22 14:09:05"}}, {"pk": 133, "model": "ukdata.space", "fields": {"unused": 2.3346898775209999, "token": 101, "total": 3.2985348833280002, "used": 0.96384500580700005, "datetime": "2009-10-22 14:09:13"}}, {"pk": 134, "model": "ukdata.space", "fields": {"unused": 95.701171829450999, "token": 102, "total": 104.45360463871999, "used": 8.7524328092689991, "datetime": "2009-10-22 14:09:23"}}, {"pk": 135, "model": "ukdata.space", "fields": {"unused": 26.848105133916999, "token": 103, "total": 27.0, "used": 0.15189486608300001, "datetime": "2009-10-22 14:09:33"}}, {"pk": 136, "model": "ukdata.space", "fields": {"unused": 0.27749591592200001, "token": 104, "total": 2.199023255552, "used": 1.9215273396300001, "datetime": "2009-10-22 14:09:42"}}, {"pk": 137, "model": "ukdata.space", "fields": {"unused": 30.072190829677002, "token": 105, "total": 31.885837205504, "used": 1.8136463758270001, "datetime": "2009-10-22 14:09:55"}}, {"pk": 138, "model": "ukdata.space", "fields": {"unused": 2.3847899297990001, "token": 106, "total": 3.2985348833280002, "used": 0.91374495352899998, "datetime": "2009-10-22 14:10:05"}}, {"pk": 139, "model": "ukdata.space", "fields": {"unused": 8.7960720256639995, "token": 107, "total": 8.7960930222079998, "used": 2.0996543999999998e-05, "datetime": "2009-10-22 14:10:14"}}, {"pk": 140, "model": "ukdata.space", "fields": {"unused": 2.4780896255179998, "token": 108, "total": 6.5970697666560003, "used": 4.1189801411379996, "datetime": "2009-10-22 14:10:23"}}, {"pk": 141, "model": "ukdata.space", "fields": {"unused": 17.026753327961998, "token": 109, "total": 21.990232555519999, "used": 4.9634792275580004, "datetime": "2009-10-22 14:10:33"}}]
